-- MySQL dump 10.10
--
-- Host: localhost    Database: andyprimo
-- ------------------------------------------------------
-- Server version	5.0.22

/*!40101 SET @OLD_CHARACTER_SET_CLIENT=@@CHARACTER_SET_CLIENT */;
/*!40101 SET @OLD_CHARACTER_SET_RESULTS=@@CHARACTER_SET_RESULTS */;
/*!40101 SET @OLD_COLLATION_CONNECTION=@@COLLATION_CONNECTION */;
/*!40101 SET NAMES utf8 */;
/*!40103 SET @OLD_TIME_ZONE=@@TIME_ZONE */;
/*!40103 SET TIME_ZONE='+00:00' */;
/*!40014 SET @OLD_UNIQUE_CHECKS=@@UNIQUE_CHECKS, UNIQUE_CHECKS=0 */;
/*!40014 SET @OLD_FOREIGN_KEY_CHECKS=@@FOREIGN_KEY_CHECKS, FOREIGN_KEY_CHECKS=0 */;
/*!40101 SET @OLD_SQL_MODE=@@SQL_MODE, SQL_MODE='NO_AUTO_VALUE_ON_ZERO' */;
/*!40111 SET @OLD_SQL_NOTES=@@SQL_NOTES, SQL_NOTES=0 */;

--
-- Table structure for table `auth_group`
--

DROP TABLE IF EXISTS `auth_group`;
CREATE TABLE `auth_group` (
  `id` int(11) NOT NULL auto_increment,
  `name` varchar(80) NOT NULL,
  PRIMARY KEY  (`id`),
  UNIQUE KEY `name` (`name`)
) ENGINE=MyISAM DEFAULT CHARSET=utf8;

--
-- Dumping data for table `auth_group`
--


/*!40000 ALTER TABLE `auth_group` DISABLE KEYS */;
LOCK TABLES `auth_group` WRITE;
UNLOCK TABLES;
/*!40000 ALTER TABLE `auth_group` ENABLE KEYS */;

--
-- Table structure for table `auth_group_permissions`
--

DROP TABLE IF EXISTS `auth_group_permissions`;
CREATE TABLE `auth_group_permissions` (
  `id` int(11) NOT NULL auto_increment,
  `group_id` int(11) NOT NULL,
  `permission_id` int(11) NOT NULL,
  PRIMARY KEY  (`id`),
  UNIQUE KEY `group_id` (`group_id`,`permission_id`),
  KEY `permission_id_refs_id_5886d21f` (`permission_id`)
) ENGINE=MyISAM DEFAULT CHARSET=utf8;

--
-- Dumping data for table `auth_group_permissions`
--


/*!40000 ALTER TABLE `auth_group_permissions` DISABLE KEYS */;
LOCK TABLES `auth_group_permissions` WRITE;
UNLOCK TABLES;
/*!40000 ALTER TABLE `auth_group_permissions` ENABLE KEYS */;

--
-- Table structure for table `auth_message`
--

DROP TABLE IF EXISTS `auth_message`;
CREATE TABLE `auth_message` (
  `id` int(11) NOT NULL auto_increment,
  `user_id` int(11) NOT NULL,
  `message` longtext NOT NULL,
  PRIMARY KEY  (`id`),
  KEY `auth_message_user_id` (`user_id`)
) ENGINE=MyISAM DEFAULT CHARSET=utf8;

--
-- Dumping data for table `auth_message`
--


/*!40000 ALTER TABLE `auth_message` DISABLE KEYS */;
LOCK TABLES `auth_message` WRITE;
UNLOCK TABLES;
/*!40000 ALTER TABLE `auth_message` ENABLE KEYS */;

--
-- Table structure for table `auth_permission`
--

DROP TABLE IF EXISTS `auth_permission`;
CREATE TABLE `auth_permission` (
  `id` int(11) NOT NULL auto_increment,
  `name` varchar(50) NOT NULL,
  `content_type_id` int(11) NOT NULL,
  `codename` varchar(100) NOT NULL,
  PRIMARY KEY  (`id`),
  UNIQUE KEY `content_type_id` (`content_type_id`,`codename`),
  KEY `auth_permission_content_type_id` (`content_type_id`)
) ENGINE=MyISAM DEFAULT CHARSET=utf8;

--
-- Dumping data for table `auth_permission`
--


/*!40000 ALTER TABLE `auth_permission` DISABLE KEYS */;
LOCK TABLES `auth_permission` WRITE;
INSERT INTO `auth_permission` VALUES (1,'Can add permission',1,'add_permission'),(2,'Can change permission',1,'change_permission'),(3,'Can delete permission',1,'delete_permission'),(4,'Can add group',2,'add_group'),(5,'Can change group',2,'change_group'),(6,'Can delete group',2,'delete_group'),(7,'Can add user',3,'add_user'),(8,'Can change user',3,'change_user'),(9,'Can delete user',3,'delete_user'),(10,'Can add message',4,'add_message'),(11,'Can change message',4,'change_message'),(12,'Can delete message',4,'delete_message'),(13,'Can add content type',5,'add_contenttype'),(14,'Can change content type',5,'change_contenttype'),(15,'Can delete content type',5,'delete_contenttype'),(16,'Can add session',6,'add_session'),(17,'Can change session',6,'change_session'),(18,'Can delete session',6,'delete_session'),(19,'Can add site',7,'add_site'),(20,'Can change site',7,'change_site'),(21,'Can delete site',7,'delete_site'),(22,'Can add flat page',8,'add_flatpage'),(23,'Can change flat page',8,'change_flatpage'),(24,'Can delete flat page',8,'delete_flatpage'),(25,'Can add log entry',9,'add_logentry'),(26,'Can change log entry',9,'change_logentry'),(27,'Can delete log entry',9,'delete_logentry'),(28,'Can add categoria',10,'add_categoria'),(29,'Can change categoria',10,'change_categoria'),(30,'Can delete categoria',10,'delete_categoria'),(31,'Can add entrada',11,'add_entrada'),(32,'Can change entrada',11,'change_entrada'),(33,'Can delete entrada',11,'delete_entrada'),(34,'Can add tipo',12,'add_tipo'),(35,'Can change tipo',12,'change_tipo'),(36,'Can delete tipo',12,'delete_tipo'),(37,'Can add link',13,'add_link'),(38,'Can change link',13,'change_link'),(39,'Can delete link',13,'delete_link'),(40,'Can add comment',14,'add_comment'),(41,'Can change comment',14,'change_comment'),(42,'Can delete comment',14,'delete_comment'),(43,'Can add pownce note',15,'add_powncenote'),(44,'Can change pownce note',15,'change_powncenote'),(45,'Can delete pownce note',15,'delete_powncenote'),(46,'Can add pownce link',16,'add_powncelink'),(47,'Can change pownce link',16,'change_powncelink'),(48,'Can delete pownce link',16,'delete_powncelink'),(49,'Can add pownce file',17,'add_powncefile'),(50,'Can change pownce file',17,'change_powncefile'),(51,'Can delete pownce file',17,'delete_powncefile'),(52,'Can add pownce event',18,'add_pownceevent'),(53,'Can change pownce event',18,'change_pownceevent'),(54,'Can delete pownce event',18,'delete_pownceevent'),(55,'Can add item',19,'add_item'),(56,'Can change item',19,'change_item'),(57,'Can delete item',19,'delete_item');
UNLOCK TABLES;
/*!40000 ALTER TABLE `auth_permission` ENABLE KEYS */;

--
-- Table structure for table `auth_user`
--

DROP TABLE IF EXISTS `auth_user`;
CREATE TABLE `auth_user` (
  `id` int(11) NOT NULL auto_increment,
  `username` varchar(30) NOT NULL,
  `first_name` varchar(30) NOT NULL,
  `last_name` varchar(30) NOT NULL,
  `email` varchar(75) NOT NULL,
  `password` varchar(128) NOT NULL,
  `is_staff` tinyint(1) NOT NULL,
  `is_active` tinyint(1) NOT NULL,
  `is_superuser` tinyint(1) NOT NULL,
  `last_login` datetime NOT NULL,
  `date_joined` datetime NOT NULL,
  PRIMARY KEY  (`id`),
  UNIQUE KEY `username` (`username`)
) ENGINE=MyISAM DEFAULT CHARSET=utf8;

--
-- Dumping data for table `auth_user`
--


/*!40000 ALTER TABLE `auth_user` DISABLE KEYS */;
LOCK TABLES `auth_user` WRITE;
INSERT INTO `auth_user` VALUES (1,'zodman','','','zodman@gmail.com','sha1$75719$0371ca1afb429fb4edda34fe1a073e382a744c1e',1,1,1,'2009-03-12 03:48:59','2008-07-10 16:10:41');
UNLOCK TABLES;
/*!40000 ALTER TABLE `auth_user` ENABLE KEYS */;

--
-- Table structure for table `auth_user_groups`
--

DROP TABLE IF EXISTS `auth_user_groups`;
CREATE TABLE `auth_user_groups` (
  `id` int(11) NOT NULL auto_increment,
  `user_id` int(11) NOT NULL,
  `group_id` int(11) NOT NULL,
  PRIMARY KEY  (`id`),
  UNIQUE KEY `user_id` (`user_id`,`group_id`),
  KEY `group_id_refs_id_f116770` (`group_id`)
) ENGINE=MyISAM DEFAULT CHARSET=utf8;

--
-- Dumping data for table `auth_user_groups`
--


/*!40000 ALTER TABLE `auth_user_groups` DISABLE KEYS */;
LOCK TABLES `auth_user_groups` WRITE;
UNLOCK TABLES;
/*!40000 ALTER TABLE `auth_user_groups` ENABLE KEYS */;

--
-- Table structure for table `auth_user_user_permissions`
--

DROP TABLE IF EXISTS `auth_user_user_permissions`;
CREATE TABLE `auth_user_user_permissions` (
  `id` int(11) NOT NULL auto_increment,
  `user_id` int(11) NOT NULL,
  `permission_id` int(11) NOT NULL,
  PRIMARY KEY  (`id`),
  UNIQUE KEY `user_id` (`user_id`,`permission_id`),
  KEY `permission_id_refs_id_67e79cb` (`permission_id`)
) ENGINE=MyISAM DEFAULT CHARSET=utf8;

--
-- Dumping data for table `auth_user_user_permissions`
--


/*!40000 ALTER TABLE `auth_user_user_permissions` DISABLE KEYS */;
LOCK TABLES `auth_user_user_permissions` WRITE;
UNLOCK TABLES;
/*!40000 ALTER TABLE `auth_user_user_permissions` ENABLE KEYS */;

--
-- Table structure for table `blog_categoria`
--

DROP TABLE IF EXISTS `blog_categoria`;
CREATE TABLE `blog_categoria` (
  `id` int(11) NOT NULL auto_increment,
  `nombre` varchar(50) NOT NULL,
  `descripcion` longtext NOT NULL,
  `slug` varchar(50) NOT NULL,
  PRIMARY KEY  (`id`),
  KEY `blog_categoria_slug` (`slug`)
) ENGINE=MyISAM DEFAULT CHARSET=utf8;

--
-- Dumping data for table `blog_categoria`
--


/*!40000 ALTER TABLE `blog_categoria` DISABLE KEYS */;
LOCK TABLES `blog_categoria` WRITE;
INSERT INTO `blog_categoria` VALUES (1,'Life','Vida','life'),(2,'django','','django'),(3,'foresight','http://www.foresightlinux.org','foresight'),(4,'conferences','','conferences'),(5,'Software','Software what is package on foresight','software'),(6,'Code','My own code!','code'),(7,'Python','All relative to Python scripting language','python'),(8,'Works on my machine','Tested compiled on my machine and works\r\n\r\nhttp://jcooney.net/archive/2007/02/01/42999.aspx','works'),(9,'Foresight Tip','Tips about foresight linux','foresight-tip'),(10,'Packagekit','www.packagekit.org','packagekit'),(11,'Music','Musica que oigo','music'),(12,'gnome','','gnome'),(13,'vim','','vim'),(14,'Conary','','conary');
UNLOCK TABLES;
/*!40000 ALTER TABLE `blog_categoria` ENABLE KEYS */;

--
-- Table structure for table `blog_entrada`
--

DROP TABLE IF EXISTS `blog_entrada`;
CREATE TABLE `blog_entrada` (
  `id` int(11) NOT NULL auto_increment,
  `titulo` varchar(100) NOT NULL,
  `fecha` datetime NOT NULL,
  `contenido` longtext NOT NULL,
  `slug` varchar(50) NOT NULL,
  PRIMARY KEY  (`id`),
  KEY `blog_entrada_slug` (`slug`)
) ENGINE=MyISAM DEFAULT CHARSET=utf8;

--
-- Dumping data for table `blog_entrada`
--


/*!40000 ALTER TABLE `blog_entrada` DISABLE KEYS */;
LOCK TABLES `blog_entrada` WRITE;
INSERT INTO `blog_entrada` VALUES (1,'se chingo el blog','2008-07-11 01:11:36','on midnight im update my django app blog, im do a backup called \"fixture\" on django, that is a dump a json data. and then load the data....\r\n\r\nim do some changes ... like delete some apps and make news apps... but when i load the data .. it\'s break!!!!\r\n\r\ni lost my datas for fool!\r\n\r\nNo problem restart again ....\r\n\r\ntoday im add myself to [foresight wiki membership][1] with the porpouse to be a member .. ok the meeting it\'s on 18 jul.\r\n\r\n[1]: \"https://wiki.foresightlinux.org/display/community/Request+Membership\"','se-chingo-el-blog'),(2,'comments-enable!','2008-08-13 09:02:05','Today im finished my comments app of my blog, it\'s called [zodycomments][zodycomments] and use [meteora widgets kit][meteora] for submit\'s forms.\r\n\r\n[Meteora][meteora] haves good stuff like dialog widget, forms widget... all this thinks im used on my work.\r\n\r\nOn foresight im add a [vnstat][vnstat] It\'s like a network transfer meter. With it we can know how many MB download over Inet.\r\nIm find this app, because i want a internet service called [BAM][bam] it gave internet conection for all places over cell network. On the service exist plan *limited* what you buy Mb for use. So i need know how many Mb consume my work. for pick the correct plan. And vnstat give it.\r\n\r\n<div class=\"code\"><pre>zodman@cosmogirl:~\r\n$ vnstat \r\nDatabase updated: Sat Jul 12 12:25:01 2008\r\n        wlan0\r\n\r\n           received:      64.70 MB (87.7%)\r\n        transmitted:       9.22 MB (12.3%)\r\n              total:      73.92 MB\r\n\r\n                        rx     |     tx     |  total\r\n        -----------------------+------------+-----------\r\n            today     64.70 MB |    9.22 MB |   73.92 MB\r\n        -----------------------+------------+-----------\r\n        estimated       123 MB |      17 MB |     140 MB\r\nzodman@cosmogirl:~\r\n$ vnstat  -u -iwlan0\r\nUnknown arg &quot;-iwlan0&quot;. Use --help for help.\r\nzodman@cosmogirl:~\r\n$ vnstat  -u -i wlan0\r\nzodman@cosmogirl:~\r\n$ vnstat  -d\r\n wlan0  /  daily\r\n    day         rx      |     tx      |  total\r\n------------------------+-------------+----------------------------------------\r\n   12.07.     67.43 MB  |    9.49 MB  |   76.92 MB   %%%%%%%%%%%%%%%%%%%%%%:::\r\n------------------------+-------------+----------------------------------------\r\n estimated      128 MB  |      17 MB  |     145 MB</pre></div>\r\n\r\nThis is enable for foresight:\r\n\r\n          sudo conary update vnstat=zodyrepo.rpath.org@rpl:devel\r\n\r\n[meteora]: http://meteora.astrata.com.mx\r\n[zodycomments]: http://code.google.com/p/zodyblog\r\n[bam]: http://www.iusacell.com.mx/\r\n[vnstat]: humdi.net/vnstat/','comments-enable'),(3,'packaging the xfce-goodies','2008-07-15 05:25:15','im not very fan of xfce, its a great desktop! im know but im fan of gnome, well [Mark__T][1] package the xfce for foresight and i help with some xfce-goodies apps...\r\n\r\n\r\nall apps is enable on the [xfce rBO][2] a package some apps but not all!\r\n\r\nIf you want someone on foresight submit a [issue][3]\r\n\r\n[1]:http://marktmisc.blogspot.com/\r\n[2]:http://www.rpath.org/rbuilder/repos/xfce\r\n[3]:http://issues.foresightlinux.org','packaging-xfce-goodies'),(4,'conary-idea','2008-07-19 05:27:14','I have a small idea, forever when seen a app for package on foresight, im came to [rBO][1] site and search if someone packaged.\r\n\r\nSome equal it\'s:\r\n\r\n``conary rq  --labels --install-label zodyrepo.rpath.org@rpl:devel | grep -i <app> `` \r\n\r\nMy idea its make a python script what first download all packages, doing the conary rq to specific repositories, and get the  name with labels and save its on sqlite3 db. For then do querys for search package on db and not on [rBO][1]\r\n\r\nSomething like apt-cache search and apt-get update.\r\n\r\n[1]: http://www.rpath.com/rbuilder/','conary-idea'),(5,'newform on django Incompatible django from know','2008-07-21 04:56:38','Today im update the django-svn repo on this server and restart the httpd, DUD! IM BREAK DJANGO!!!!!!!!!!\r\n\r\nOh my Good, i have another [site](http://piccolinos.com.mx) here and it break too. GRrr and whats the problem ?¿ the new version of django have a newforms-admin implement and renamed and change alot!!\r\n\r\ncheck the [changes here](http://code.djangoproject.com/wiki/BackwardsIncompatibleChanges#Changedprepopulate_fromtobedefinedintheAdminclassnotdatabasefieldclasses)\r\n\r\ni have read the documentation again a learn again django...','newform-django-incompatible-django-know'),(6,'EL SUR GRITA','2008-07-21 05:06:02','[El sur grita](http://elsurgrita.com.mx)\r\n\r\n','el-sur-grita'),(7,'enli is coming','2008-07-22 23:42:42','[enli][1] is a great and the bigger Conferences about FS and LINUX. it call of papers to all linuxdud\'s of \r\nMexico....\r\n\r\nIt thinks the equal of linux expo conference (We have a linux expo but nothing similar of other contries).\r\n\r\n[Enli][1] is coming because they set a place ... [www.upaep.mx](www.upaep.mx) i seen it on [enli-twitter](http://twitter.com/enli/statuses/864303231)\r\n\r\ni want attend IT !!! great conferences\r\n\r\nhere a video on youtube of last year\r\n\r\n<object width=\"425\" height=\"344\"><param name=\"movie\" value=\"http://www.youtube.com/v/MPZmff5tcNM&hl=en&fs=1\"></param><param name=\"allowFullScreen\" value=\"true\"></param><embed src=\"http://www.youtube.com/v/MPZmff5tcNM&hl=en&fs=1\" type=\"application/x-shockwave-flash\" allowfullscreen=\"true\" width=\"425\" height=\"344\"></embed></object>\r\n\r\n[1]: http://www.enli.org.mx','enli-coming'),(8,'Foresight 2.0.4 release','2008-07-24 07:21:31','Pues ya tenemos nueva version de foresight, mas bien no es una liberacion de nueva version,  sino  una actualizacion de la 2.0.3, esta actualizacion te instala la version mas nueva de gnome (segun lo [planeado][1]). Ademas de actualizaciones de muchos softwares como banshee y PackageKit.\r\n\r\nSi no hay nada nuevo ? aaaaaaaaah claro que si hay! tenemos CD nuevo, una version de 1 cd de gnome: [foresight lite edition][2], A diferencia de la edicion de gnome es que viene sin openoffice, y solo en ingles. Mas informacion en las [newsletter de julio][3].\r\n\r\nNo eh empaquetado ningun software nuevo en mi [repositorio](http://zodyrepo.rpath.org), lo unico que eh echo es actualizar el emesene y ya!\r\n\r\n\r\n[1]: http://live.gnome.org/TwoPointTwentythree\r\n[2]: http://www.foresightlinux.org/gnome-lite.html\r\n[3]: https://wiki.foresightlinux.org/display/newsletter/2008/07/23/Foresight+Newsletter%2C+Volume+2%2C+Issue+1+%28July+2008%29','foresight-204-release'),(9,'finde en merida','2008-07-29 05:49:36','Im very exited! estoy muy emocionado, Me acaba de confirmar el staff de vtauditiva, que estan organizando [\"el sur grita\"][2]. Que [FINDE][1] dara presentacion en MERIDA!! \r\n\r\nooooooooh DIossssss unas de mis bandas favoritas, las vere tocar en vivo!!!!!\r\n\r\nCreo que me entere un poco tarde!, No soy de revisar mucho myspace. AAAAAAAAAAAAAAAAAAAAAAAAAAAAAAAAAAAAahhhhhhhhhhhhhhhh\r\n\r\nAlgunas bandas confirmadas que no aparecen en el sitio son: [natalia laforucade][3],  y genitallica\r\n\r\n\r\n[1]: http://www.myspace.com/finde\r\n[2]: http://www.elsurgrita.com.mx\r\n[4]: http://www.genitallica.com.mx','finde-en-merida'),(10,'now im a foresight member','2008-08-02 03:19:37','22:06 [freenode] -!- zodman n=zodman foresight/member/zodman You are now logged in. (id zodman, username n=zodman, hostname foresight/member/zodman)\r\n\r\nToday approve my membership to foresight team... and was accepted. [Pcutler][1] notice me.\r\n\r\nIm happy, i want help to this great foresight distro.\r\n\r\n[1]: http://www.silwenae.org/blog','now-im-foresight-member'),(11,'foresight feed','2008-08-15 00:28:57','Yeah in feed on foresight planet','foresight-feed'),(12,'zodman zone','2008-08-16 20:07:31','im remember a stupid action what i do on conferences of CONSOL.\r\n\r\nsomeone inmortal the moment.\r\n\r\n![zodman zone](http://www.tumamafuemia.org/imagenes/zodman_zone.jpg)\r\n\r\ntranslate:\r\n1pic: what happend if i put my home and swap partition on the same sector?\r\n3pic: noooooooooooo! what i do?','zodman-zone'),(13,'gwibber','2008-08-18 09:05:03','[gwibber][1] is a gtk app. What it use the social microblogging sites.\r\n\r\n![gwibber](http://img145.imageshack.us/img145/188/wibbercu1.png)\r\n\r\nIt have support for  Pownce, Twitter, facebook, Jaiku, Identica.\r\n\r\nThis is the only pownce client on gnome what i know. This is a good client for twitter, you can set the color for differences what services was posted.\r\n\r\nFor install:\r\n\r\n      sudo conary update gwibber=@fl:2-devel\r\n\r\n[1]:https://launchpad.net/gwibber/ \"gwibber site\"','gwibber'),(14,'RMS on merida yucatan mexico','2008-08-18 16:29:17','Richard Stallman comes to my city.\r\n\r\n> Richard M. Stallman visitará la ciudad de Mérida los días 24, 25,   \r\n> 26, 27 y 28 de septiembre y dará una conferencia titulada \"El software libre en la  ética y en\r\n> la práctica\" el día 26 de septiembre en el marco de las festividades por el\r\n> aniversario de la Facultad de Matemáticas.\r\n\r\nThis notice appers on the gusly users maillist its great. Im study on FMAT \r\n\r\n','rsm-merida-yucatan-mexico'),(15,'jira irc bot','2008-08-19 03:09:02','im working on [jira irc bot][1]. This bot is for work on foresight[,-devel} channel on freenode.\r\n\r\nThe objective is interactive with jira website without visit it.\r\n\r\nThe first step is maked. Make a page for suggest, wishlist and commands request.\r\n\r\nMy plans is build a python lib for interactive first with jira and then work on the bot. The bot can based on some excelents libs like [irc-lib][2] and a [repository of python bots][3].\r\n\r\nNow im doing a small script for do a shorts url. Im pick <http://te.tl> because is smaller than <http://tinyurl.com> and it not used alot. So it give us a very small url.\r\n\r\nI haved code small cli for make url on [te.tl](http://te.lt)\r\n\r\n    :::python\r\n    import urllib\r\n    import re\r\n    import sys\r\n    \r\n    \r\n    def makeurl( url ):\r\n        params = urllib.urlencode({\'url\':url,\'title\':\'\'})\r\n        f = urllib.urlopen(\"http://te.tl/index.php\",params)\r\n        response = f.read()\r\n        pattern = re.compile(\'<h1>.*</h1>\')\r\n        m = pattern.search(response)\r\n        if m:\r\n            html=  m.group()\r\n        else:\r\n            return \"Error: %s\" %response\r\n        return html.replace(\'<h1>\',\'\').replace(\'</h1>\',\'\')\r\n    print makeurl(sys.argv[1])\r\n\r\n\r\n[1]: https://wiki.foresightlinux.org/display/DEV/IRC+bot \"wiki irc bot\"\r\n[3]: http://code.google.com/p/ircbot-collection/\r\n[2]: http://python-irclib.sourceforge.net/','jira-irc-bot'),(16,'Check out all package on your branch','2008-08-19 16:07:15','I delete my repository/ directory on my conary dir where are allocade my packages. So i need all my packages again.\r\n\r\n    :::bash\r\n    conary rq --install-label zodyrepo.rpath.org@rpl:devel | grep -v \":\" |  sed s/\\=.*//g | xargs cvc co\r\n\r\nWith it i can check out all my packages on rpl:devel ...\r\n\r\nVery useful for me.\r\n','check-out-all-package-your-branch'),(17,'FL-1486 and Octuber Conferences','2008-08-20 19:31:08','Today i can fix a bug. [FL-1486](https://issues.foresightlinux.org/browse/FL-1486)\r\n\r\ni dont know why but this is the solution what haved on [gentoo](http://bugs.gentoo.org/show_bug.cgi?id=170630#c5)\r\n\r\nthe solucion is rename the Thunar desktop file\r\n\r\n    ::bash\r\n    $ sudo mv /usr/share/applications/Thunar-folder-handler.desktop /usr/share/applications/thunar-folder-handler.desktop \r\n\r\nAnd the gnome-open /home/zodman open the Nautilus.\r\n\r\nWell i will discuss it with [Mark__T](http://marktmisc.blogspot.com/) this bug and if that solve the bug.\r\n\r\nSo i will Attend to Two conferences (one confirmed) one on [Teconologico de Lerdo](http://www.itslerdo.edu.mx/) Durango Mexico and two [ENLI](http://enli.org.mx) Puebla Mexico.\r\n\r\nBoth i will talk about opensource and freesoftware on Durango i have a talk about the software what can installed on phone of nokia s60. Gnubox, python, themes, perl, ssh client etc....\r\n\r\nAnd on ENLI i have talk about foresight i cant waiting for it.\r\n\r\n(UPDATE): The FL-1486 it\'s not solved','fl-1486-octuber-conferences'),(18,'Gossip update','2008-08-21 14:35:57','I have update [gossip][1] from my repo from 0.28 to 0.31 latest stable version.\r\n\r\nGossip is a XMPP client what support Jabber/gTalk.\r\n\r\n[![gossip](http://img156.imageshack.us/img156/1007/pantallazocd5.th.png)](http://img156.imageshack.us/img156/1007/pantallazocd5.png)\r\n\r\nyou can install it with:\r\n\r\n    :::bash\r\n    $ sudo conary update gossip=zodyrepo.rpath.org@rpl:devel\r\n\r\nOn foresight distro \r\n\r\n[1]:http://developer.imendio.com/projects/gossip','gossip-update'),(19,'pydoc the python documentation tool','2008-08-22 03:48:03','Im found this now, is a very but very usefull command for seen the documentation of python\r\n\r\nYou can use it:\r\n\r\n    :::bash\r\n    $ pydoc <module>\r\n\r\nAnd it show you a output of `>>> help(<module>)` on python prompt.\r\n\r\noooooh This not all. You can Up a webserver for seen  documentations of all packages installed on your python libs.\r\n\r\n    :::bash\r\n    $ sudo pydoc  -p 8001\r\n    pydoc server ready at http://localhost:8001/\r\n\r\n\r\n<a target=\'_blank\' href=\'http://img136.imageshack.us/my.php?image=pythonindexofmodules121uq4.png\'>\r\nhere the screenshot\r\n</a>  ','pydoc-python-documentation-tool'),(20,'python break the switch paradigm','2008-08-22 16:14:52','Today im want to implement a pownce notes on my blog like [jacobian][1] haves.\r\n\r\nIm really not use a switch statement on python only put a if else nodes.\r\n\r\nSo i [found](http://www.python.org/doc/faq/general/#why-isn-t-there-a-switch-or-case-statement-in-python) how python break the paradigm of switch\r\n\r\n    :::python\r\n    def link():\r\n        print \"link\"\r\n    def message( ):\r\n        print \"msg\"\r\n    def event(  ):\r\n        print \"event\"\r\n    def file( ):\r\n        print \"juaz\"\r\n    functions = {\r\n            \"link\": link(),\r\n            \"message\":message(),\r\n            \"event\":event(),\r\n            \"file\": file()\r\n    }   \r\n    dofunc = functions[\"event\"]\r\n    dofunc()\r\n\r\nWTF ?? where is the\r\n\r\n    :::php\r\n    switch( var ){\r\n       case \"event\":\r\n       break;\r\n       default:\r\n       break;\r\n    }\r\n\r\n\r\n[1]: http://www.jacobian.org/','python-break-switch-paradigm'),(21,'foresight stand on linux expo','2008-08-25 00:05:34','im seen the stand of foresight on linux expo are great!!!\r\n\r\n![foresight stand](https://wiki.foresightlinux.org/download/attachments/6127622/2751849578_76d61a16a7.jpg)','foresight-stand-linux-expo'),(24,'Pownce and django','2008-08-26 03:27:27','UFF this changes its very very hard .......learning by myself  how the [django signals](http://code.djangoproject.com/wiki/BackwardsIncompatibleChanges#Signalrefactoring) works an how change adding some stuff....\r\n\r\nThe idea from integrate pownce and django comes from, i dontlike twitter, and pownce give some stuff can i contrib to others users.\r\n\r\nWell i hard to explain my code but this is...\r\n\r\nFirst i create a model what populate from pownce, add a signal on post_save with that signal save a content type what is show, some like timeline of models .... with the pub_date with it i can show on the index of <htt://zod.com.mx>  the contents of my blog and pownce\r\n\r\n    :::python\r\n    from django.db import models\r\n    from django.contrib import databrowse\r\n    from zodyblog.tumble.models import Item\r\n    from django.db.models import signals\r\n    from django.contrib.contenttypes.models import ContentType\r\n    import  django.dispatch\r\n  \r\n    class PownceNote(models.Model):\r\n        pownce_id = models.PositiveIntegerField()\r\n        body = models.TextField()\r\n        permalink = models.URLField()\r\n        date= models.DateTimeField()\r\n        def get_type(self):\r\n            pownce_type=\"Message\"\r\n            if self.powncelink_set.all().count() > 0:\r\n                pownce_type= \"Link\"\r\n            if self.pownceevent_set.all().count() > 0:\r\n                pownce_type=\"Event\"\r\n            if self.powncefile_set.all().count() > 0:\r\n                pownce_type= \"File\"\r\n            return pownce_type\r\n    \r\n        def __unicode__(self):\r\n            return \"[%s] %s\" %(self.get_type(),self.body)\r\n    \r\n    class PownceLink(models.Model):\r\n        url = models.URLField()\r\n        pownce_note = models.ForeignKey(PownceNote,unique=True)\r\n        def __unicode__(self):\r\n            return self.url\r\n\r\n    class PownceFile(models.Model):\r\n        name = models.CharField(max_length=200)\r\n        type = models.CharField(max_length=100)\r\n        pownce_note = models.ForeignKey(PownceNote,unique=True)\r\n        def __unicode__(self):\r\n            return self.name\r\n    \r\n    class PownceEvent(models.Model):\r\n        name  = models.CharField(max_length=200)\r\n        ical  = models.URLField()\r\n        location = models.CharField(max_length=200)\r\n        date = models.DateTimeField()\r\n        pownce_note = models.ForeignKey(PownceNote,unique=True)\r\n        def __unicode__(self):\r\n            return self.name\r\n    \r\n    def create_item(sender,instance, **kwargs):\r\n        ctype = ContentType.objects.get_for_model(instance)\r\n        if ctype.name == \"entrada\":\r\n            pub_date = instance.fecha\r\n        else:\r\n            pub_date = instance.date\r\n        if \"created\" in kwargs:\r\n            if kwargs[\"created\"]:\r\n                si,created = Item.objects.get_or_create(content_type=ctype, object_id=instance.id, pub_date=pub_date)\r\n            else:\r\n                si = Item.objects.get(content_type=ctype,object_id=instance.pk)\r\n                si.pub_date=pub_date\r\n                si.save()\r\n\r\n    signals.post_save.connect(create_item, sender=PownceNote)\r\n\r\nCreate a client for download my pownce notelist  and updates, thats a simple script with urllib for get content and populate to model\r\n\r\n    :::python\r\n    import logging as log\r\n    log.basicConfig(level=log.DEBUG)\r\n    import urllib\r\n    import simplejson\r\n    import datetime\r\n    import sys\r\n    \r\n    mypath=\"/home/zodman/lab/dev/zodyblog/\"\r\n    sys.path.append(mypath)\r\n    \r\n    from django.core.management import setup_environ\r\n    from django.utils.dateformat import DateFormat\r\n    import settings\r\n    \r\n    setup_environ(settings)\r\n    from zodyblog.zodynetwork.models import PownceLink, PownceNote, PownceEvent, PownceFile\r\n\r\n    def link( entry, note ):\r\n        link = PownceLink(url=entry[\"link\"][\"url\"])\r\n        link.pownce_note = note\r\n        link.save()\r\n    \r\n    def event( entry, note ):\r\n        event = PownceEvent(\r\n            name=entry[\"event\"][\"name\"],\r\n            ical=entry[\"event\"][\"ical\"],\r\n            location=entry[\"event\"][\"location\"],\r\n            date=entry[\"event\"][\"date\"],\r\n            pownce_note= note\r\n            )\r\n        event.save()\r\n\r\n    def file( entry, note ):\r\n        file = PownceFile(name=entry[\"file\"][\"name\"],type=entry[\"file\"][\"content_type\"],pownce_note=note)\r\n        file.save()\r\n    def message():\r\n        pass\r\n    \r\n    \r\n    URL = \"http://api.pownce.com/2.0/\"\r\n    user =\"zodman\"\r\n    \r\n    class TZ(datetime.tzinfo):\r\n        def utcoffset(self,dt):\r\n            return datetime.timedelta(hours=-5)\r\n        def dst(self,dt):\r\n            return self.utcoffset(dt)\r\n    \r\n    # load the pownce posts\r\n    p = urllib.urlopen(URL+\"note_lists/zodman.json\")\r\n    json_response =  p.read()\r\n    notes = simplejson.loads(json_response)\r\n\r\n    for i in notes[\'notes\']:\r\n        if \'sender\' in i:\r\n            del i[\'sender\']\r\n        if \'app\' in i:\r\n            del i[\'app\']\r\n    \r\n        functions = {\r\n            \"link\":     lambda i,note: link(i,note),\r\n            \"message\":  lambda i,note: message(),\r\n            \"event\":    lambda i,note: event(i,note),\r\n            \"file\":     lambda i,note: file(i,note)\r\n        }\r\n        dt = datetime.datetime.fromtimestamp(i[\'timestamp\'],TZ())\r\n        df = DateFormat(dt)\r\n        defaults = {\"body\":i[\"body\"], \"permalink\":i[\"permalink\"]}\r\n        note, created = PownceNote.objects.get_or_create(pownce_id=i[\'id\'],date=df.format(\"Y-m-d H:i\"),defaults=defaults)\r\n        if created:\r\n            functions[i[\"type\"]](i,note)\r\n\r\nWell and show it on the template...\r\n\r\n\r\n    :::django\r\n    {% extends \"index.html\" %}\r\n    {% load markup %}\r\n    {% load zodytag %}\r\n    {% block contenido %}\r\n    {% for j in latest %}\r\n    {% ifequal j.content_type.name \"entrada\"%}\r\n        {%with j.content_object as e %}\r\n        <div class=\"entrada-all\">\r\n            <span class=\"round-up-left\"></span>\r\n            <span class=\"round-up-right\"></span>\r\n            <div class=\"entrada\">\r\n                <div class=\"x-small float-right\" style=\"width:100px;height:20px\">{{e.fecha|date}} </div>\r\n                <h2> {{e.titulo}} </h2>\r\n                    {{e.contenido|markdown:\"codehilite\" }}\r\n                <div class=\"left x-small categorias\">\r\n                    {%for i in e.categoria.all %}\r\n                        <a href=\"{{i.permalink}}\"> {{i.nombre}}</a>\r\n                    {% endfor %}\r\n                </div>\r\n                <div class=\"entrada-links\">\r\n                    <a href=\"{{e.permalink}}\">Direct Link </a> |\r\n                    <span class=\"a\" onclick=\"addComment(\'{{e.pk}}\')\"> Comment ({% count_comment e.pk %})  </span>\r\n                </div>\r\n            </div>\r\n        </div>\r\n        {% endwith %}\r\n    {%endifequal%}\r\n    {% ifequal j.content_type.name \"pownce note\"%}\r\n        {% with j.content_object as e %}\r\n          <div class=\"pownce\">\r\n            <span class=\"type\"> {{e.get_type}}</span>\r\n              <span class=\"permalink\"> <a href=\"{{e.permalink}}\">permalink</a></span>\r\n                <div class=\"content\">\r\n                    {{e.body|truncatewords_html:20|urlize}}\r\n    \r\n                </div>\r\n                    <div class=\"content-type\">\r\n                    {% ifequal e.get_type \"Link\" %}\r\n                        {% for i in e.powncelink_set.all %}\r\n                           <div class=\"link\">\r\n                            <img src=\"/static/images/link.gif\"><a href=\"{{i.url}}\">{{ i.url|urlizetrunc:32 }}</a>\r\n                           </div>\r\n                        {% endfor %}\r\n                    {% endifequal %}\r\n                    {% ifequal e.get_type \"Event\" %}\r\n                        {% for i in e.pownceevent_set.all %}\r\n                           <div class=\"event\">\r\n                                <img src=\"/static/images/event.gif\">\r\n                                <a href=\"{{i.ical}}\">\r\n                                {{i.name}}  /\r\n                                {{i.location}} /\r\n                                {{i.date|date:\"Y F d\"}}\r\n                                </a>\r\n                           </div>\r\n                        {% endfor %}\r\n                    {% endifequal %}\r\n    \r\n                     {% ifequal e.get_type \"File\" %}\r\n                        {% for i in e.powncefile_set.all %}\r\n                           <div class=\"file\">\r\n                            <img src=\"/static/images/file.gif\">\r\n                            <a href=\"{{e.permalink}}\">\r\n                                {{i.name}}\r\n                            </a>\r\n                           </div>\r\n                        {% endfor %}\r\n                    {% endifequal %}\r\n                </div>\r\n          </div>\r\n        {% endwith %}\r\n    \r\n    {%  endifequal  %}\r\n    <div style=\"height:20px;\"></div>\r\n    {% endfor %}\r\n    {% endblock %}\r\n\r\nI think this not the best way for show it but works for me\r\n\r\nwell if you have questions search me on irc.freenode.org or get my code on <http://zodyblog.googlecode.com>\r\n\r\nthe next to do, make a [reusable app](http://djangopluggables.com) with this.','pownce-and-django'),(25,'seen youtube videos with mplayer','2008-08-27 13:37:41','I have a very very slow internet conection ( 512Kb/s) with [infinitum](http://telmex.com) that mean i have behind of 50Kb of download.\r\n\r\n\r\nSo for seen youtube or flash videos are very slow conection, the videos stop for refill the cache buffer y blah blah blah... *SLOW!!!*\r\n\r\nI found [youtube-dl](http://www.arrakis.es/~rggi3/youtube-dl/) with can download the .flv file from youtube and play it with mplayer only pass a params for do it\r\n\r\nfirst:\r\n\r\n`youtube-dl http://www.youtube.com/watch?v=cG-gMJfmGKA  -o out `\r\n\r\nand When is downloading can play it with mplayer\r\n\r\n`mplayer out`\r\n\r\nAnd video open ..... thats is great!!!\r\n\r\nOn Foresight:\r\n\r\n`sudo conary update youtube-dl=@fl:2-devel mplayer`','seen-youtube-videos-mplayer'),(26,'Droopy and Woof','2008-08-28 13:16:09','WOOF, WOOF!!!\r\nIts not a DOG!!!! [Woff](http://www.home.unix-ag.org/simon/woof.html) is a very usefull python script for share files over the network. You give your IP:port\r\nand the file download automatically.\r\n\r\n    :::bash\r\n    $ woof yucatux_fmat3.png \r\n    Now serving on http://192.168.254.4:8080/\r\n    192.168.254.4 - - [28/Aug/2008 13:33:23] \"GET /yucatux_fmat3.png HTTP/1.1\" 200 -\r\n\r\nThis support filedirs, you can share a dir, and woof make a tarball of it. My favorite python scripts\r\n\r\n\r\n<img src=\"http://thedroopyfund.com/images/droopy1.gif\" align=\"top\" height=\"100\" style=\"padding=8px\"> \r\n\r\n[Droopy](http://stackp.online.fr/?p=28) isnot a cartoon dog. Its a python script with you can upload file over network.  (viceverse of woof)\r\n\r\n    :::bash\r\n    $ droopy  -m \"Hellowwwwwwww\" -p yucatux_fmat3.png \r\n    HTTP server running... Check it out at http://localhost:8000\r\n    localhost.localdomain - - [28/Aug/2008 13:15:10] \"GET / HTTP/1.1\" 200 -\r\n    localhost.localdomain - - [28/Aug/2008 13:15:10] \"GET /yucatux_fmat3.png HTTP/1.1\" 200 -\r\n    localhost.localdomain - - [28/Aug/2008 13:15:22] \"POST / HTTP/1.1\" - -\r\n    localhost.localdomain - - [28/Aug/2008 13:15:22] *Received: coas.bmp*\r\n\r\nThe users visit your http://yourIP:8000 and can getyou a file, this is very usefull where you talking with someone on MSN\'protocol and send files are very SLOW! open your firewall pass the link and upload the file.\r\n\r\nFor install on foresight:\r\n\r\n` conary update {woof,droopy}=zodyrepo.rpath.org@rpl:devel `\r\n\r\n','droopy-and-woof'),(27,'Django with twitter status','2008-09-01 00:37:02','Im add a [simple tag](http://www.djangoproject.com/documentation/templates_python/#shortcut-for-simple-tags) on django with my twitter last status. It\'s cached because twitter haves problems with alots of request...... so here the code\r\n\r\nCreate a templatetags on your model/ dir\r\n\r\n    :::python\r\n    # filename twitter.py\r\n    from django.template import Library\r\n    import urllib\r\n    import simplejson\r\n    \r\n    register = Library()\r\n    \r\n    @register.simple_tag\r\n    def twitter_status( username ):\r\n        url = \"http://twitter.com/statuses/user_timeline/%s.json?count=1\" % username\r\n        file  = urllib.urlopen(url)\r\n        json_responce = file.read()\r\n        twit = simplejson.loads(json_responce)\r\n        return \"%s\" % twit[0][\"text\"]\r\n\r\nAdd it to my index.html page on templates\r\n\r\n    :::django\r\n       {%load cache %}\r\n           {% cache 18000 twitter %}\r\n           {% load twitter %}\r\n        <div class=\"twitter\">\r\n            <img src=\"/static/images/twitter.gif\">\r\n            @zodman: {% twitter_status \"zodman\" %}\r\n        </div>\r\n      {% endcache %}\r\n\r\nYeap my firts time of used cache on templates. That is very similar of the code of my friend [blacknash][blacknash], he Implement it on blog of [h1pp1e][h1pp1e]\r\n\r\n[blacknash]: http://blacknash.com.mx/\r\n[h1pp1e]: http://blacknash.com.mx/blog/view/29/h1pp1e-s-blog-design\r\n','django-twitter-status'),(28,'foresight warning','2008-09-01 15:48:40','![conary-warging](http://img81.imageshack.us/img81/15/conarywarningul6.png)\r\n\r\n\r\nThat\'s very funny, I will call it \"foresight effect\"\r\n\r\ntaken from [eMbee Idea](https://wiki.foresightlinux.org//display/DEV/WARNING)','foresight-warning'),(29,'foresight with xfce 4','2008-09-02 02:31:51','>Xfce 4 Desktop Environment  \r\n>version 4.5.0svn (Xfce 4.4)  \r\n\r\nIs comming, good job from Mark__t\r\n\r\n\r\n[![thum](http://img209.imageshack.us/img209/7071/screenshotga5.th.png)](http://img209.imageshack.us/img209/7071/screenshotga5.png)\r\n\r\nthe theme must be green .... searching Foresight theme an set it. jejeje needs a set another wallpaper','foresight-xfce-4'),(30,'enli and gulev ','2008-09-03 03:14:03','I\'m very surprise because the days 23 to 25 of October start the [enli][1] and [gulev][2], i attendent to  [enli][1] at last an is the best and biggest FLOSS congress on mexico. ([CONSOL][3]  is great too, but i dontlike the DF). \r\n\r\n[GULEV][2] is a great conference too because with it comes very important people like Guido(python), Rasmus(php), Icaza[mono] an others great personality of opensource world. This years im seen for first time call of papers on [gulev][2]. Why do this ?¿ i think mikelds(congress chief) have the answer.\r\n\r\nBut The same time of ENLI ? is necesary ? Compare prices:\r\n\r\nENLI: $ 400/ $500 MX  \r\nGULEV: $1500/ $1900 MX  \r\nStudents/Public ( at begining congress )\r\n\r\nEnli haves his International invites, list of proporsal conferences, hotel, Site, partners.\r\n\r\nGulev only 6 params with poor info and site.\r\n\r\nSo on october where you will go ?\r\n\r\n[1]: http://enli.org.mx\r\n[2]: http://gulev.org.mx\r\n[3]: http://consol.org.mx\r\n','enli-and-gulev'),(31,'liferea now will support pownce','2008-09-03 17:54:33','Yesterday i send a [patch](https://sourceforge.net/tracker/?func=detail&atid=581686&aid=2090554&group_id=87005) for liferea, thats a feed reader for gnome. It have the posibility of send links of feed to digg.com reddit.com an other sites, I\'m read the code and add support for [pownce IT](http://pownce.com/tools/buttons/).\r\n\r\nIt will be added to [liferea](http://liferea.sf.net) 1.4.19. Im rocks!\r\n\r\nThats the reason for  i love FreeSoftware, if you like implement a feature send a patch ....... and it will be have the feature.','liferea-now-will-support-pownce'),(32,'django site on one file (like web.py style) ','2008-09-05 00:52:40','time ago i have a [small disscuss](http://pownce.com/zodman/notes/3307003/) with [maop](http://marcoalfonso.net/) he say web.py is better than django.\r\n\r\nI have this for you maop.\r\n\r\n[![django code](http://toys.jacobian.org/presentations/2008/oscon/tricks/tricks_files/tricks.006-001.png)](http://news.e-scribe.com/395)\r\n\r\nA pure style of web.py\r\n\r\n','django-site-one-file-webpy-style'),(33,'FL-1153 Nicotine-plus','2008-09-08 14:47:04','I taken on the end of this week the package [nicotine][1] this a P2P software for the [SoulSeek][2] Network. It use the PySoulSeek/pyGtk2. So this have \"python Powers\".\r\n\r\n[FL-1153](https://issues.foresightlinux.org/browse/FL-1153)\r\n\r\nThis have his complete [user guide](http://nicotine-plus.sourceforge.net/NicotinePlusGuide/TableOfContents.htm).   \r\n<a href=\"http://img229.imageshack.us/img229/7346/pantallazoaboutnicotinehm2.png\" target=\"_blank\"><img src=\"http://img229.imageshack.us/img229/7346/pantallazoaboutnicotinehm2.th.png\" border=\"0\" /></a>\r\n\r\nIm remember a lot of time ago, when not exist p2p software i share files on IRC with DCC slots. Im using mirc and some scripts for do it. Using Dial-up Conection.......... uhhhhhhhh :)\r\n\r\n<a href=\"http://img367.imageshack.us/img367/9557/pantallazonicotine1291zs2.png\" target=\"_blank\"><img src=\"http://img367.imageshack.us/img367/9557/pantallazonicotine1291zs2.th.png\" border=\"0\" /></a>\r\n\r\nThis software remember that, because have a chat Integration so when you are downloading you can chat with other people how share files with you.\r\n\r\n<a href=\"http://img152.imageshack.us/img152/1516/pantallazonicotine129bc0.png\" target=\"_blank\"><img src=\"http://img152.imageshack.us/img152/1516/pantallazonicotine129bc0.th.png\" border=\"0\" /></a>\r\n\r\nFor install on foresightlinux:  \r\n\r\n    ::::bash\r\n    $ sudo conary update nicotine-plus --install-label zodyrepo.rpath.org@rpl:devel\r\n\r\nWith it must download deps geoip, pyogg,pyvorbis, psyco ....\r\n\r\n[1]: http://nicotine-plus.sourceforge.net/\r\n[2]: http://www.slsknet.org/','fl-1153-nicotine-plus'),(35,'Yo soy Chiapas the video','2008-09-11 22:59:26','Im not from chiapas, im live and born on Yucatan, but i seen this video what trie to show a tourist destiny, im watch it on Open TV  (televisa channel)\r\n\r\n<object width=\"425\" height=\"344\"><param name=\"movie\" value=\"http://www.youtube.com/v/J_yC57KfbiA&hl=en&fs=1\"></param><param name=\"allowFullScreen\" value=\"true\"></param><embed src=\"http://www.youtube.com/v/J_yC57KfbiA&hl=en&fs=1\" type=\"application/x-shockwave-flash\" allowfullscreen=\"true\" width=\"425\" height=\"344\"></embed></object>\r\n\r\nOMG!!!!\r\nThis video show a part of  my  beatiful country is ....  \r\n\r\nThat make me feel the pride of my country.\r\n\r\nChiapas is here:  \r\n<iframe width=\"425\" height=\"350\" frameborder=\"0\" scrolling=\"no\" marginheight=\"0\" marginwidth=\"0\" src=\"http://maps.google.com/maps?f=q&amp;hl=es&amp;geocode=&amp;q=chiapas&amp;sll=37.0625,-95.677068&amp;sspn=33.847644,80.332031&amp;ie=UTF8&amp;ll=17.476432,-92.241211&amp;spn=5.11683,10.041504&amp;z=7&amp;iwloc=addr&amp;output=embed&amp;s=AARTsJqg_4W6byK8243t4dAtuFgTJpDX1g\"></iframe><br /><small><a href=\"http://maps.google.com/maps?f=q&amp;hl=es&amp;geocode=&amp;q=chiapas&amp;sll=37.0625,-95.677068&amp;sspn=33.847644,80.332031&amp;ie=UTF8&amp;ll=17.476432,-92.241211&amp;spn=5.11683,10.041504&amp;z=7&amp;iwloc=addr&amp;source=embed\" style=\"color:#0000FF;text-align:left\">Ver mapa más grande</a></small>\r\n\r\nThis is post is for [foresight members](http://planet.foresightlinux.org) for show a part of my beatifull country.\r\n\r\n[VISIT MEXICO](http://www.visitmexico.com)','yo-soy-chiapas-video'),(36,'Im foresight developer','2008-09-13 20:07:04','![fldevel](http://img213.imageshack.us/img213/2121/fldevelxx9.jpg)\r\n\r\nYesterday [pcuttler](http://www.silwenae.org/blog) send me a email, with the notice what i now a foresight developer. Now im have commit powers for [Foresight repository](http://foresight.rpath.org/conary). My irc cloak change from member to developer. So foresight comes with good news, new versions, new Gnome and others things what i want to say but is secret. I will show You all on [ENLI](http://enli.org.mx)\r\n\r\nWell im notice from [liferea](http://liferea.sf.net) add my patch of powncelink it\'s a oneline but have zodman code :)\r\n\r\nThis month is very important for me. Because apply  CENEVAL exam if i pass over 1000points. im get my Title grade.  \r\nIf not ...... more hours of works.\r\n\r\nA lot conferences next month for start [simpositi](http://pownce.com/zodman/notes/3428813/), [Cafedealtura](http://cafedealtura.com) comes from DF. Im i send my W9 for show foresight on my City. This presentation is not that same for enli, this is for people who not know about world of opensource. So must be general at limited the software what contain foresight linux. well im wait for answer...\r\n\r\nThen a On Technologic School of Lerdo, invited me for apply a conferences about freesoftware on phones, im called \"Pimp my Cellphone\" like mtv series. jejeje Well Its a cycle of conferences is  about Multimedia and technologic so I haved modification my slides for this, less Linux and More Ideas. I great idea i haved is how make a SMS Gateway. Yes send a sms from your Linux Distro. I will show on Durango next week. And on enli append a new conferences so how make this... \"HolaWey dot com\" like holatu dot com.\r\n\r\nSo im very excited and i want this moth over....\r\n\r\nWELL . developers!!!! developers!! developers!!!!\r\n\r\nComgrats to [TForsman](http://www.foresightlinux.se/blogg/zinden.php) and [Pablo_Esc](http://pabloesc.azalayah.com/taxonomy/term/37/feed) now are developers too on foresightlinux\r\n','im-foresight-developer'),(37,'Foresight mobile edition','2008-09-14 01:27:32','kenvandine is excited, pcutler is excited ....... now zodman are excited ....\r\n\r\nWell foresight have a new member a MOBILE EDITION\r\n\r\n>[Foresight Mobile Edition](http://www.foresightlinux.org/releases/mobile-1-0.html) is a Linux distribution for your netbook or ultra portable PC that features a rolling release schedule that always keeps your desktop up to date; a revolutionary package manager, Conary; a customized GNOME desktop environment for smaller screens and an innovative set of excellent, up to date software applications.\r\n\r\n[![flmobile](http://www.foresightlinux.org/img/screenshots/mobile-launcher.png)](http://www.foresightlinux.org/releases/mobile-1-0.html)\r\n\r\nIt works for EEEPC asus and Intel Classmate. Someone wants test on dell aspire one ? \r\n\r\nFound a Bug ? fill a [Issue](http://issues.foresightlinux.org)\r\nNot found you software application on foresight ? fill a [Package Request](http://issues.foresightlinux.org)\r\n\r\nIm downloading for test with qemu.\r\n\r\n','foresight-mobile-edition'),(38,'Yucatan the video','2008-09-15 14:06:37','at last time im show you. Chiapas...\r\n\r\nNow im found a video of the site where im live...... [Merida Yucatan](http://en.wikipedia.org/wiki/M%C3%A9rida,_Yucat%C3%A1n)\r\n\r\n<embed id=\"VideoPlayback\" src=\"http://video.google.com/googleplayer.swf?docid=-7725030008996690809&hl=es&fs=true\" style=\"width:400px;height:326px\" allowFullScreen=\"true\" allowScriptAccess=\"always\" type=\"application/x-shockwave-flash\"> </embed>\r\n\r\nSeen the confortable place where i live.\r\n\r\nIm live on Merida, the capital city of Yucatan. Is called the \"white city\" because, for the clean colors of the buildings. Its very knoledge about this tradicional food. Contains a lot of historical places, ruins about the Mayan people.\r\n\r\nBeatiful place for travel and enjoy. If you come ? im will pleasure for give you a tourist guide','yucatan-video'),(39,'flames im loved','2008-09-17 00:55:55','My english is very very poor and sucks! but im not worry i try to explain and do my best work. And learn more day with days.\r\n\r\n Alot of my friends understand me. .........\r\n\r\nSo im make a new sections on my blog with <span class=\"a\" onclick=\"$(\'rcontent\').setContent({ url:\'/flames\'});\">all messages of my english sucks!</span>\r\n\r\nGo to my about section there is the link.\r\n\r\nSo i have the first ..........  \r\n[![yousucks](http://img524.imageshack.us/img524/97/pantallazobandejadeentrjf5.th.png)](http://img524.imageshack.us/img524/97/pantallazobandejadeentrjf5.png)\r\n\r\nThe beaty here is the person who spend her time to do clicks and put a comment about it........ im loved tnx Dude!\r\n','flames-im-loved'),(40,'Foresight Kids edition','2008-09-18 10:31:55','This version i seen how little with little effort comes. The [foresight Council](https://wiki.foresightlinux.org/display/community/Council) and members have kids, and [TForsman](http://www.foresightlinux.se/blogg/zinden.php)  i believe for her son, he package a lot of Games, Here the [foresight games list](https://wiki.foresightlinux.org/display/docs/Games), Im like to much and play a lot [UrbanTerror](https://wiki.foresightlinux.org/display/docs/Urban+Terror) find me with my nickname.\r\n\r\nSo today foresight release a new version for kids with a alot of Games:  \r\n\r\n<center>\r\n[![kidsfl](http://img139.imageshack.us/img139/6522/kidsmenutf9.th.png)](http://img139.imageshack.us/img139/6522/kidsmenutf9.png)  \r\n[Foresight Kids Edition](http://www.foresightlinux.org/kids.html)\r\n</center>\r\n\r\n\r\nEducation\r\n\r\n* _Tuxpaint_, an award winning drawing program for children ages 3-12.\r\n* _Tux Typing_, and educational typing tutor for children.\r\n* _GCompris_, an educational software suit that includes many different activities for children ages 2 to 10.\r\n* _Tux, of Math Command_, an education arcade game starring Tux based on the class game “Missile Command”.\r\n\r\nEntertainment and Games\r\n\r\n* _SuperTux_, a classic 2D jump ‘n run sidescroller with a similar style to the original SuperMario games.\r\n* _SuperTuxKart_, a 3D kart racing game featuring numerous tracks, characters and items.\r\n* _Foobilliard_, a 3D billiards / pool game.\r\n* _GNU Chess_, a chess game.\r\n* _Super Maryo Chronicles_, a 2D side scroller game featuring many different stages and levels..  \r\n\r\nWTF!!!!! we have a lot of Versions, xfce, gnome, mobile, and now kids ...... This probe the magic powers of [Foresight](http://foresightlinux.org)+ [Conary](wiki.rpath.com/wiki/Conary)+ [rBo](http://www.rpath.com/rbuilder/)\r\n\r\nWell, passing to another things im having spend little time hacking conary-bancked of [PackageKit](http://www.packagekit.org) that is the Add/Remove Software of Foresight. First checking the refresh-cache.py file that take a lot of time for populate a cache. A lot of time because im have a slow conection and on 2-qa label of foresight what have more 14,000 packages the whole process take 5min end.\r\n\r\nSo seen the code, put a lot of loggings codes. I found the cache when not exist do 2 times the population. And For each insert (more than 14,000) does a insert and commit. Searchings on sqlite3 documentation, i found first the inserts, One time commit ALL inserts and then modify a code for a one populate. Im reduce the time of cache to 2min. Yeah im rocks ...... So the next. I need a repository, i can do a git branch from packagekit but i dont like git, i think use a googlecode for subversion my code.','foresight-kids-editions'),(41,'RMS on Yucatan','2008-09-18 17:38:02','For all person who send a message.\r\n\r\nYESS RMS comes to merida\r\n\r\nThe conference are:\r\n\r\n<a href=\"http://farm4.static.flickr.com/3140/2868278427_20d1db6ace.jpg\" title=\"cartel_semana2 por zodman, en Flickr\"><img src=\"http://farm4.static.flickr.com/3140/2868278427_20d1db6ace.jpg\" width=\"500\" height=\"274\" alt=\"cartel_semana2\" /></a>','rms-yucatan'),(42,'Foresight tips for build part 1','2008-09-21 23:16:27','(22:54:31) zodman: ey kenvandine a small question for foresight  \r\n(22:55:36) zodman: if a have a package PyBluez its the name of the upstream. How named the package ? something like python-bluez, bluez-python, pybluez or PyBluez.  \r\n(22:56:03) zodman: named on repository.  \r\n(23:03:02) kenvandine: PyBluez  \r\n(23:03:15) kenvandine: **we try hard to follow upstream naming**  ','foresight-tips-build'),(43,'webcam meme','2008-09-24 17:01:28','<a href=\"http://www.flickr.com/photos/zodman/2885397965/\" title=\"0009 por zodman, en Flickr\"><img src=\"http://farm4.static.flickr.com/3242/2885397965_fa18ab067d.jpg\" width=\"352\" height=\"288\" alt=\"0009\" /></a>  \r\n1. Take a picture of yourself right now.  \r\n2. Don’t change your clothes, don’t fix your hair…just take a picture.  \r\n3. Post that picture with NO editing.  \r\n4. Post these instructions with your picture.  ','webcam-meme'),(44,'25th years ago ...','2008-09-27 14:18:38','Poca gente tenía acceso a los computadores cuando Richard Matthew\r\nStallman se dio cuenta de que la, entonces naciente, industria del\r\nsoftware estaba adoptando un modelo de negocio basado en negar a los\r\nusuarios sus cuatro libertades esenciales, y que él podría hacer algo\r\nal respecto.  Hoy, millones de personas, empresas y gobiernos usan el\r\nresultado de los esfuerzos para preservarles y defenderles sus\r\nlibertades empezados hace 25 años atrás, pero aún así pocos conocen al\r\nproyecto GNU.  Celebremos los logros y ¡difundamos la palabra!\r\nhttp://www.gnu.org/\r\n\r\nEl 27 de septiembre de 1983, RMS anunció al mundo su meta de escribir\r\nun sistema operativo compatible con UNIX y Libre, es decir, que no\r\nexigiera a los usuarios renunciar a su libertad de usar, estudiar,\r\nmodificar y distribuir cualquier software, modificado o no.  Él invitó\r\na los programadores a unirse a esta tarea de desarrollar un cuerpo lo\r\nsuficientemente grande de software para permitir a las personas usar\r\nlos computadores en libertad, de acuerdo con los fundamentos morales\r\nde compartir, la solidaridad y la reciprocidad.\r\nhttp://www.gnu.org/gnu/initial-announcement.html\r\nhttp://www.gnu.org/philosophy/free-sw.es.html\r\n\r\nDespués del foco inicial, de desarrollar herramientas como un\r\ncompilador, un depurador, un ambiente de desarrollo integrado y\r\nlibrerías de sistema (GCC, GDB, Emacs y glibc, respectivamente),\r\ncientos de otras aplicaciones, utilidades y librerías fueron\r\ncontribuidas por un creciente número de voluntarios.\r\nhttp://ftp.gnu.org/pub/gnu/\r\n\r\nLa mayoría de estos programas fueron lanzados bajo la GNU GPL, una\r\nlicencia que no sólo respeta las libertades de los usuarios, cediendo\r\nsuficientes permisos para contrarrestar las disposiciones antisociales\r\npor defecto de los derechos de autor, sino que también defiende las\r\nlibertades, introduciendo el copyleft (“izquierdos de autor”) como un\r\nmedio para utilizar el poder que queda del copyright (“derechos de\r\nautor”) para mantener Libre el software, para todos sus usuarios.\r\nhttp://www.gnu.org/copyleft/copyleft.es.html\r\nhttp://www.gnu.org/licenses/gpl-2.0.html\r\nhttp://www.fsf.org/news/gplv3_launched\r\n\r\nCasi 8 años y medio después del anuncio inicial, un núcleo diseñado\r\npara funcionar con el sistema operativo GNU fue lanzado como Software\r\nLibre, bajo la GNU GPL, proporcionando la pieza faltante para formar\r\nun sistema operativo completamente Libre.\r\nhttp://www.kernel.org/pub/linux/kernel/Historic/old-versions/RELNOTES-0.01\r\nhttp://www.kernel.org/pub/linux/kernel/Historic/old-versions/RELNOTES-0.12\r\n\r\nSiguieron otros logros importantes, como el procesador de imágenes\r\nGIMP, el conjunto de herramientas GUI GTK, el entorno de escritorio\r\nGNOME, la suite educacional GCompris, el navegador GNUZilla IceCat,\r\nlos intérpretes y librerías Java, GNU Classpath, y GCJ, el compilador\r\nGNU para Java, el reproductor Flash Gnash, el entorno de desarrollo\r\nGNUstep, el proyecto DotGNU, el programa de contabilidad GNU Cash, el\r\ngestor de arranque GRUB, y la forja de software Savannah, entre muchos\r\notros más como para mencionarlos todos.\r\nhttp://savannah.gnu.org/\r\n\r\nDesde que la combinación del sistema operativo GNU con el núcleo Linux\r\nse volvió usable, las personas y las empresas empezaron a publicar\r\ndistribuciones que pueden ser instaladas en hardware desnudo.  Tales\r\ndistribuciones hoy corren en servidores, estaciones de trabajo,\r\ncomputadores de mesa, laptops, mainframes, ATMs, teléfonos,\r\nreproductores y grabadores de medios, enrutadores, automóviles,\r\naviones y todo tipo de computadores.\r\n\r\nDesafortunadamente, a pesar que algunas distribuciones contienen, más\r\nque cualquier otra cosa, librerías de sistema, utilidades de sistema\r\noperativo, herramientas y aplicaciones GNU, es decir, el sistema\r\noperativo GNU, estas han sido frecuentemente nombradas Linux.  Como\r\nresultado, muchos usuarios GNU no se dan cuenta que están usando un\r\nsistema operativo creado para devolverles y preservarles su libertad.\r\nDe hecho, la mayoría ni siquiera son conscientes de este propósito, y\r\nde los principios éticos y morales y de la filosofía que hay detrás.\r\n\r\nEs más, casi todas las distribuciones GNU+Linux, e incluso Linux en\r\nsí, han sido contaminados con software que no respeta las cuatro\r\nlibertades esenciales de los usuarios, denegando a la mayoría de los\r\nusuarios del sistema operativo GNU la realización del propósito.  Sin\r\nembargo, el proyecto GNU mantiene una lista de distribuciones\r\ncomprometidas en ofrecer a sus usuarios sólo Software Libre.\r\nhttp://www.gnu.org/links/links.es.html\r\nhttp://www.gnu.org/philosophy/free-system-distribution-guidelines.html\r\n\r\nUTUTO XS fue la primera que dio el paso.  gNewSense (basada en una de\r\nlas distribuciones más populares con paquetes .deb) fue la primera en\r\nentregar una versión Libre y limpia del núcleo Linux.  BLAG Linux and\r\nGNU (basada en una de las distribuciones más populares con paquetes\r\n.rpm) convirtió este esfuerzo en Linux-libre, un proyecto adoptado por\r\nla FSFLA para mantener versiones Libres de Linux, usado por muchas\r\ndistribuciones GNU + Linux-libre y usuarios individuales que buscan\r\nlibertad.\r\nhttp://www.ututo.org/\r\nhttp://www.gnewsense.org/\r\nhttp://www.blagblagblag.org/\r\nhttp://www.fsfla.org/se-libre/linux-libre/\r\n\r\nTodavía hay un largo camino por recorrer para alcanzar la libertad de\r\ntodos los usuarios de software.  Sin embargo, más que desarrollar más\r\nSoftware Libre, las actuales prioridades son divulgar el conocimiento\r\nde aspectos de libertad en software, e incentivar a los usuarios a\r\nvalorar sus libertades y exigir que se las respeten.  Es en este\r\nespíritu que FSFLA lanzó la campaña \"¡Sé Libre!\"\r\nhttp://www.fsfla.org/se-libre/\r\n\r\nCelebremos el cuarto de siglo del proyecto GNU y de trabajo por la\r\nlibertad, y ayudemos a que más personas se den cuenta de por qué el\r\nsoftware que usan fue desarrollado, y por qué es tan importante que\r\nbusquen la libertad, para su propio bien y de toda la comunidad\r\nhttp://www.gnu.org/fry/happy-birthday-to-gnu.html\r\n\r\nQue todos los días sean un día de libertad en software.  ¡Sé Libre!\r\nhttp://www.softwarefreedomday.org/\r\nhttp://www.fsfla.org/\r\n\r\n\r\n== Sobre la Fundación Software Libre América Latina\r\n\r\nLa FSFLA se ha sumado en 2005 a la red de FSFs, anteriormente formada\r\npor las Free Software Foundations de los Estados Unidos, de Europa y\r\nde la India.  Esas organizaciones hermanas actúan en sus respectivas\r\náreas geográficas con el sentido de promover los mismos ideales de\r\nSoftware Libre y defender las mismas libertades para usuarios y\r\ndesarrolladores de software, trabajando localmente pero cooperando\r\nglobalmente.  Para mayores informaciones sobre la FSFLA y para\r\ncontribuir con nuestros trabajos, visita nuestro sitio en\r\nhttp://www.fsfla.org o escriba a info@fsfla.org.\r\n\r\n\r\nCopyright 2008 FSFLA\r\n\r\non english here: http://fsfla.org/pipermail/prensa/2008-September/000106.html\r\n\r\nHappy B-Day GNU and Free Software!\r\n===========================','25th-years-ago'),(45,'Foresight linux on Simpositi','2008-09-29 02:56:11','[![simpositi](http://img242.imageshack.us/img242/9836/simpositigx2.jpg)](http://simpositi.com)\r\n\r\nIts a conferences about tecnologich and Innovation. And a Friend give me a stand for Show Foresightlinux on thats event.\r\n\r\nI need buy a Poster, Install Foresight on Demo Machines. Burn DVD\'s.','foresight-linux-simpositi'),(46,'Simpositi its over','2008-10-06 11:53:15','On Saturday the [simpositi](http://simpositi.com) over well im attendent it. And I have a stand of foresight here the pictures.\r\n\r\n<a href=\"http://www.flickr.com/photos/zodman/2913606956/\" title=\"Foresight stand por zodman, en Flickr\"><img src=\"http://farm4.static.flickr.com/3190/2913606956_49a0a2de4a_m.jpg\" width=\"240\" height=\"180\" alt=\"Foresight stand\" /></a>\r\n\r\n<a href=\"http://www.flickr.com/photos/zodman/2913606090/\" title=\"Foresight stand por zodman, en Flickr\"><img src=\"http://farm4.static.flickr.com/3116/2913606090_e0fb5855c7_m.jpg\" width=\"240\" height=\"180\" alt=\"Foresight stand\" /></a>\r\n\r\nLot of people show interest on Foresight. I sell dvd with Foresight.\r\n\r\nWell the conferences are fine, showing the Innovation and Tech. On my stand a local channel comes to interview me. Im feel nervious. But i think be great.  A lot of explain about it and How the Final User used it.','simpositi-its-over'),(47,'Very very usefull django tips','2008-10-07 23:40:43','<http://ericholscher.com/blog/2008/oct/5/django-tips/>\r\n\r\n\r\nOMG i love that tips.\r\n\r\nMy Favorite *Relatives Import*','very-very-usefull-django-tips'),(48,'check your battery live','2008-10-08 15:54:16','    :::bash\r\n    $ cat /proc/acpi/battery/BAT1/info \r\n    design capacity:         4000 mAh\r\n    last full capacity:      4000 mAh\r\n\r\n\r\nIf the design cap != last full cap  your batt will dead near.','check-your-battery-live'),(49,'pidgin with silc support','2008-10-08 16:42:20','Well the pidgin on foresight not have silc protocol enable because the the silc-toolkit its not packaged.\r\nSo im my repo im package it.\r\n\r\n`sudo conary update silc-toolkit=zodyrepo.rpath.org@rpl:devel`\r\n\r\nSo with it install the :lib and :devellib :devel troves so.\r\n\r\nDo a :\r\n\r\n`sudo conary emerge pidgin`\r\n\r\nWith it, its like gentoo emerge. Download the source .tar.gz from sf.net and compile it. So the silc-toolkit its installed, autoconf compile it with silc support.\r\n\r\nwell to the end you can connect to silc servers.\r\n\r\nIt works on [Foresight linux](http://www.foresightlinux.org)','pidgin-silc-support'),(50,'Adobe Air on Foresight','2008-10-08 18:44:14','Well im know adobe air as not the best tools of something, then for not exist stable version for non-{rpm,deb} distros\r\n\r\nSo with help of pscott i build a adobe-airc sdk for run adobe air on foresight\r\n\r\n`sudo conary update adobe-air=zodyrepo.rpath.org@rpl:devel`\r\n\r\nWell, the problem with sdk its slow, poor, and ugly. But works :)\r\n\r\n i can Update Pownce from it.  \r\n[![pownce](http://farm4.static.flickr.com/3233/2925769254_f45ee6c929_m.jpg)](http://farm4.static.flickr.com/3233/2925769254_09511dfe7a_o.png)\r\n\r\nwell tWhirl works too.  \r\n[![twhirl](http://farm3.static.flickr.com/2240/2924916965_c5c79bb0b6_m.jpg)](http://farm3.static.flickr.com/2240/2924916965_8e77b51be5_o.png)\r\n\r\n\r\nWell im read the twitter [ENLI](http://www.enli.org.mx) OMG the ENLI its FULL.\r\n\r\n<http://twitter.com/enli/statuses/952017167>\r\n\r\nThe last year comes around of 700 attends. This year i think comes arount 1000 attends!! \r\nWell this i can consider ENLI the biggets conferences of FLOSS on mexico.\r\n','adobe-air-foresight'),(51,'What packages its not on foresight installed ?','2008-10-09 14:16:48','Today someone on irc channel of #foresight on freenode ask for how search the packages what not are on official repo. Installed on her machine.\r\n\r\nHe forget that.\r\n\r\nSo do this.\r\n\r\n` conary q --labels | grep -v conary | grep -v foresight `\r\n\r\nOr search the packages what installed from a personal-repo\r\n\r\n` conary q --labels | grep personal-repo`','what-packages-its-not-foresight-installed'),(52,'foresight has OpenOffice 3.0','2008-10-13 16:42:35','Well yesterday (12 Oct) The openoffice 3.0 its enable on Foresight It\'s on 2-devel, so this mean  on devel label and for this needs report bugs.\r\n\r\n[![oo3.0](http://farm4.static.flickr.com/3252/2938806703_e9377c5453_m.jpg)](http://farm4.static.flickr.com/3252/2938806703_122a6652af_o.png)\r\n\r\nFor install it:  \r\n\r\n`sudo conary update {group-ooo-gnome,openoffice.org-base}=@fl:2-devel`','foresight-has-openoffice-30'),(53,'Small review of foresight mobile version [ESP]','2008-10-14 01:49:48','Im found this article, talking about foresight mobile edition on Acer Aspire One Machine:\r\n\r\n<http://blackshell.usebox.net/archivo/1198.php> on spanish.\r\n\r\nWe are not perfect. The Foresight Linux supported ( with full-hardware ) Classmate and EEEPC machines. my friend [Billy](http://billy.com.mx) say foresight mobile works on MSI Wind without problems.\r\n\r\nSo im want comment the thanks for talk about fl but comments are disabled on the post. Well tnx [Juan J Martinez](http://blackshell.usebox.net/)','small-review-foresight-mobile-version-esp'),(54,'Linux cluster on office gabinete','2008-10-16 00:49:39','<http://helmer.sfe.se/>\r\n\r\nHelmer its the name of this cluster. With video Render purpose. Interest History.','linux-cluster-office-gabinete'),(55,'im pass grade test','2008-10-17 15:39:18','[![examen](http://farm4.static.flickr.com/3216/2950283332_7f093ec650_m.jpg)](http://farm4.static.flickr.com/3216/2950283332_275b819e27_o.png)\r\n\r\nGlobal points: 1065\r\n\r\nWell with this im a graduate Computer Science engineer.','im-pass-grade-test'),(56,'Foresight release 2.0.5','2008-10-19 23:27:22','Bien dejemos un poco el ingles ( del cual es muy malo ). Este post es para anunciar\r\n\r\n<center>\r\n[![fl2.0.5](http://farm4.static.flickr.com/3053/2955435868_f7973e3199_o.jpg)](http://www.foresightlinux.org/gnome.html)\r\n</center>\r\n\r\nAlgo atrasado ... si!\r\n\r\nNo se habia echo el release de foresight linux por que teniamos muchos ISSUES sin resolver. Y hasta ahora se pudieron resolver. Sobre la fecha del release :) es la fecha que se hizo el commit del update no teniamos release para ese entonces. Gnome 2.24 se agrego oficialmente a la rama estable el 7 de Octubre.\r\n\r\n¿ Que trae foresight linux 2.0.5 ? [nota completa](http://www.foresightlinux.org/releases/2-0-5.html)\r\n\r\nGNOME 2.24  \r\n- Timer Track Applet  \r\n- Deskbar Applet  \r\n- Ekiga 3.0  \r\n- Nautilus con pestañas, ademas de que nueva vista de iconos ( control+F3 )  \r\n- [Mas notas de lo nuevo en gnome 2.24](http://library.gnome.org/misc/release-notes/2.24/)  \r\n\r\nApplicaciones  \r\n- OpenOffice 3.0   \r\n- Xorg 7.4  \r\n- Compiz 0.7.8  \r\n- PulseAudio 0.9.12  \r\n- PackageKit 0.3.4  \r\n\r\n** Notas, foresight 2.0.5 aun no integra empathy a la version gnome, seguimos utilizando Pidgin, debido a que aun no esta listo para substituirlo. Aunque esta disponible para su Descarga.   \r\n\r\n` sudo conary  update group-telepathy `\r\n\r\nEste mes es presentado Foresight linux a la comunidad de SL y OpenSource en las Conferencias del [ENLI](http://www.enli.org.mx) el dia 23 de Oct. a las 11 AM.\r\n\r\n','foresight-release-205'),(57,'the ENLI end.....','2008-11-01 01:48:28','Well im take my time to wrote this post... Because i have some stuff to do when i back from ENLI.\r\n\r\nNow ENLI  its the better an biggest Conferences of FreeSoftware and OpenSource on mexico. With 1k attendents, 6 talks/conferences on same Time, WOW!!!\r\n\r\nIm keep a foresight conference.\r\n\r\n<a href=\"http://www.flickr.com/photos/zodman/2990679173/\" title=\"dscf0745.jpg por zodman, en Flickr\"><img src=\"http://farm4.static.flickr.com/3067/2990679173_6953951324.jpg\" width=\"500\" height=\"333\" alt=\"dscf0745.jpg\" /></a>\r\n\r\nI have another 2 talks, about django & SMSGateway. the last  thats be very very funny because im forget a serial cable, for connect from my laptop to phone and someone get one. And Works! Yeah i can show the POC of the Conference.\r\n\r\nI can say \"Enli-Staff Rulz!!!!!!\"  \r\nTnx to mankod, stark, GeniusBoy( Master Chief), ZeoDove, Cerros, GPL. For all things to do for me!! that make me back the next Year. With another amazing Talks, ( This year i think the Hola-wey its the better what i have).\r\n\r\nOn it meet a lot of friends of mendozaaa crew. Yeah they rocks too!   \r\n![mendozaaaa](http://farm4.static.flickr.com/3023/2976424604_05fb8d33cb.jpg)\r\n\r\nWell im involved on a mexican project that try to make a ubuntu mexicanized. well on next will be a alpha release. Needs some hacking details for make works.\r\n\r\nMy part with foresight not forgeted im working on conary backend of packagekit. I can integrate the ticache with PackageKit, working on search-name process. On next im show the results.\r\n\r\n[Another Bounch of photos courtesy mendozaaa](http://gpl.la/gran/peda/linuxera/v/nitr0us/enli08/)','enli-end'),(58,'xfce 4.6 Fuzzy','2008-11-01 14:01:23','Well my friend [mark__t](http://marktmisc.blogspot.com/) do a daily commits to xfce.rpath.org repository. So im update my group-xfce and i get the xfce 4.6 BETA codename Fuzzy if you want to feel the light as xfce is.\r\n\r\nOnly do this on foresight 2.0.5:\r\n\r\n   sudo conary update group-xfce=xfce.rpath.org@xfce:devel\r\n\r\n','xfce-46-fuzzy'),(59,'transmission Bittorrent Software with webinterface','2008-11-03 01:45:35','Something what im search for a long time its a torrent software what can do the same of others software like amule, It comes with a web interface what i can control the software from web or external.\r\n\r\nSome like have a machine only dedicate to download torrents!!!\r\n\r\namule can do it. But it use the ed2k servers and torrents. I want something light low memory usage for put a old machine only for donwload torrents when i not at home, and control it by webinterface.\r\n\r\nSo playing with foresight default Software i find transmission comes with that options :) im feel sooooo happy!!!\r\n\r\nOn Preferences >> Web can find the port for listen web interface.  \r\n\r\n[<img src=\"http://img221.imageshack.us/img221/7315/pantallazotransmissionzh2.png\" width=\"400\">](http://img221.imageshack.us/img221/7315/pantallazotransmissionzh2.png)\r\n\r\n[<img src=\"http://img503.imageshack.us/img503/1350/pantallazotransmissionwqu6.png\" width=\"400\">](http://img503.imageshack.us/img503/1350/pantallazotransmissionwqu6.png)\r\n\r\nReading the forum today the transmission im found what imageshack.us have a service for download torrents, <http://tor.imageshack.us/> (only for register users). And use transmission <http://forum.transmissionbt.com/viewtopic.php?t=4993>.\r\n\r\nYeah!! transmission comes on Foresight 2.0.5 :)','transmission-bittorrent-software-with-webinterface'),(60,'High Priority on free Software','2008-11-05 22:00:58','* Skype replacement!!!!!!\r\n* gNewSence improvement\r\n* And Gnash.\r\n\r\n<http://www.fsf.org/campaigns/priority.html>','high-priority-free-software'),(61,'Packagekit improvement part 1','2008-11-07 02:56:37','Im working on conary backend of packagekit. What its the package manager of Foresight ... im send my first report to the fl-devel list\r\n\r\n<http://lists.rpath.org/pipermail/foresight-devel/2008-November/000681.html>','packagekit-improvement-part-1'),(62,'juaking kernel with a palito','2008-11-14 02:17:16','Esta idea salio despues de unos drinks ............  \r\n<a href=\"http://img523.imageshack.us/my.php?image=juakeandokerneldy5.png\" target=\"_blank\"><img src=\"http://img523.imageshack.us/img523/1205/juakeandokerneldy5.th.png\" border=\"0\" alt=\"Free Image Hosting at www.ImageShack.us\" /></a>  \r\nby yobagem <http://yobagem.com.mx/>\r\n\r\n\r\n![drinkinggeeks](http://farm4.static.flickr.com/3184/3032796874_74eb7be5e0.jpg)','juaking-kernel-palito'),(63,'banshee 1.4.0.1','2008-11-14 02:53:09','Foresight have the latest banshee\r\n\r\n<a href=\"http://img262.imageshack.us/img262/7461/pantallazotw2.png\" target=\"_blank\"><img src=\"http://img262.imageshack.us/img262/7461/pantallazotw2.th.png\" border=\"0\" alt=\"Free Image Hosting at www.ImageShack.us\" /></a>','banshee-1401'),(64,'Packagekit improvements  and new Job','2008-11-15 16:06:33','Well im give love to the conary backend on packagekit and i can solve some problems now install and remove packages works perfectly.\r\n\r\nWith the help of [richard](http://blogs.gnome.org/hughsie/) by [email](http://lists.freedesktop.org/archives/packagekit/2008-November/003994.html)\r\n\r\ni can solve problems:\r\n\r\n    pkcon search name <app>\r\n    pkcon refresh\r\n    pkcon resolve <app>\r\n    pkcon install <app>\r\n    pkcon remove <app>\r\n\r\nnext the update-system, and get-updates. more info <http://wiki.foresightlinux.org/display/DEV/packagekit+devel+page>\r\n\r\nWell today a friend contact me to a person on Cancun Qroo (A great tourist Paradise) and gime a immediately Job sooo on thurday im travel to cancun for work about a 1.5 Month.  For what more like development python. I will be a leader of 3 coders on a started project.  i hope have time to development packagekit.','packagekit-improvements-and-new-job'),(65,'PackageKit now is FIXED','2008-11-18 01:46:53','<center>\r\n![packagekit 0.3.11](http://img362.imageshack.us/img362/892/pantallazoacercadegpkapeh3.png)\r\n</center>\r\n\r\nIm very happy because the packagekit its fixed. We are working with a old version (0.3.4) ( Crash the fl philosophy )  \r\nNow im finish fixing backend now works good with 0.3.11  (the [unreleased version](http://lists.freedesktop.org/archives/packagekit/2008-November/004016.html) ) ooooh ciiiii .\r\n\r\nWell free feel for test and report bugs   \r\n\r\n`sudo conary update {PackageKit,gnome-packagekit}=@fl:2-devel`\r\n\r\nThe unique improvement what i can do its: Faster refresh cache.\r\n\r\ncommands:\r\n\r\n    :::bash\r\n    pkcon search name <app>\r\n    pkcon refresh\r\n    pkcon resolve <app>\r\n    pkcon install <app>\r\n    pkcon remove <app>\r\n    pkcon get-details\r\n    pkcon update system\r\n    pkcon get-files <app>\r\n    pkcon get-updates <app>\r\n    pkcon get-details <app>\r\n    pkcon get-update-details <app>\r\n\r\nBut from now. Only we seen improvements and new features. ','packagekit-now-fixed'),(66,'packagekit tip','2008-11-19 00:13:36','We know the info of packagekit its invisible, not verbose info its showed like what are doing ..... <http://wiki.foresightlinux.org/display/docs/PackageKit+Status+Icons> ( [FL-724](https://issues.foresightlinux.org/browse/FL-724) )   \r\n\r\nBut on the packagekit on 2-devel it have a little module for seen what packagekit its doing........\r\n\r\n    sudo tail -f /tmp/conarybackend.log\r\n\r\nThat its because im feel confused seen what hell pk doing :S\r\n\r\nwhen packagekit pass to fl:2 label this must removed.\r\n','packagekit-tip'),(67,'my laptop','2008-12-03 11:12:05','<center> ![laptop](http://farm4.static.flickr.com/3189/3074016091_87fa5000bd.jpg) </center>\r\n\r\nMy laptop ......... the vampire on bottom its called soots ( like zod ) the mushroom my girlfriend gift, GNU Network Object Model Environment :) ( guess which one is it....) my prefered web server ( alo give me it.) bottom left, my LUG sticker ( its a tux with a traditional clothed of Yucatan) yeap, its a toshiba laptop. Running Foresight','my-latop'),(68,'Foresight linux has a Ovatio Award','2008-12-04 17:17:24','Im very happy the Foresight linux has ow Ovation Award from <a href=\"http://arstechnica.com/articles/culture/ars-awards-2008.ars/7\">arstechnica.com</a> Good Job Foresigth Team.\r\n','foresight-linux-has-ovatio-award'),(69,'Hector Leal (etosh) interview at soft-tzalan','2008-12-05 10:23:15','Today my closed friend [Etosh](www.interlegit.com.mx) have a interview doit at [ENLI](www.enli.org.mx) on [soft-tzalan website][soft]\r\n\r\nhere some quote:\r\n\r\n>A pesar que muchos desarrolladores que trabajan seriamente en pro del software libre al momento de crear no piensan en el usuario final y esto dificulta un poco su uso, yo veo al software libre como una evolución tecnológica\r\n\r\n[soft]:http://www.soft-tzalan.org/WebMultishop/modules.php?name=News&file=article&sid=49','hector-leal-etosh-interview-soft-tzalan'),(70,'clases para empaquetar software en foresight','2008-12-05 16:30:14','¿Quieres aprender a empaquetar software para conary ( osea para [Foresight linux][foresight])?\r\n\r\nEl equipo de foresight tiene previsto iniciar una serie de sesiones en IRC que trataran sobre los fundamentos del empaquetamiento Conary.\r\n\r\nVamos a comenzar por lo básico, que abarca sólo la creación de paquetes locales.\r\n\r\nLo siguente será ligeramente más avanzada, y abarcará la creación de su propio proyecto en [rBuilder][rbuild].\r\n\r\nHabrá información antes de la clase, para que instales foresight linux y  nosotros asumiremos los asistentes se están ejecutando Linux, ya sea Foresight nativa o en una máquina virtual.\r\n\r\n_El formato será bastante informal_\r\n\r\nSe iniciará con la creación de un paquete en un editor basado en web que todo el mundo  pueda seguir enconjuto. A continuación, se pasara a la creación de paquetes desde cero y teniendo en mentores disponibles para guiar a los nuevos empaquetadores.\r\n\r\n\r\n_Todo el mundo es bienvenido a asistir_\r\n\r\nHemos reunido una encuesta, para ayudar a evaluar el interés y la programación.\r\nPor favor, rellene este, y déjenos saber si usted ya está familiarizado con Conary y dispuesto a ser mentor.\r\n\r\n<http://spreadsheets.google.com/viewform?key=pdqA4NNK_btA4OKGyhXvAeQ>\r\n\r\n[foresight]: http://foresightlinux.org\r\n[rbuild]:http://rpath.org','clases-para-empaquetar-software-para-foresight'),(71,'why foresight use python 2.4 ?','2008-12-19 00:04:12','Foresight linux use a python 2.4 and all software of python its limited by this.  \r\nThe answer its here:  \r\nhttp://wiki.rpath.com/wiki/rPath_Linux:rPath_Linux_2#Python_Version\r\n\r\nOn resume: *we limited the  of rpath linux stability* ( what i think its very well ). But this touch to popular software.\r\n\r\nLike gimp 2.6 needs python 2.5\r\nchristine needed, another cups solution needs update python well ... only have wait for solve the issue update to python 2.6 ([FL-1452](https://issues.foresightlinux.org/browse/FL-1452)) on roadmap to foresight 2.5\r\n\r\nim working to the release of foresight 2.5 KenVandine gime the responsability of PackageKit :S\r\n\r\n\r\n','why-foresight-use-python-24'),(75,'Epson TM-T88IV works on linux','2008-12-19 18:46:01','Im very happy because i can setup a POS (Point of Sale) Thermal Printer. the  Epson TM-T88IV.\r\n\r\n<a href=\"http://www.flickr.com/photos/zodman/3121775954/\" title=\"Imagen(495).jpg por zodman, en Flickr\"><img src=\"http://farm4.static.flickr.com/3118/3121775954_d4cc4d8b3c_m.jpg\" width=\"240\" height=\"180\" alt=\"Imagen(495).jpg\" /></a>\r\n\r\nI have googled to much because never setup a printer on linux. Ever i go to windows box and print from here.\r\n\r\nThe Epson TM-T88IV its a thermal printer its usual on Mexico. Well im need send print that.\r\n\r\nUsing the default epson driver fails... the only solution its make send raw format directly the printer.\r\n\r\nso im found this [http://www.familybusinesssoftware.com/index.php?module=pagemaster&PAGE_user_op=view_page&PAGE_id=10](http://www.familybusinesssoftware.com/index.php?module=pagemaster&PAGE_user_op=view_page&PAGE_id=10)  \r\n Here exist a tool with modifications for send raw datas to printer for print.\r\nThe test here.\r\n\r\n<a href=\"http://www.flickr.com/photos/zodman/3121775598/\" title=\"Imagen(494).jpg por zodman, en Flickr\"><img src=\"http://farm4.static.flickr.com/3283/3121775598_1ca5456d7b.jpg\" width=\"500\" height=\"375\" alt=\"Imagen(494).jpg\" /></a>\r\n\r\nNow im have a nother problem im need its works on printer xfce desktop for print from firefox..... (in progress).\r\n\r\nIm very busy working with python ( im very very busy a long time seat infront pc) but the really i feel happiness because its PYTHON!\r\n\r\n<center>\r\n<a href=\"http://www.flickr.com/photos/zodman/3120949811/\" title=\"Imagen(493).jpg por zodman, en Flickr\"><img src=\"http://farm4.static.flickr.com/3217/3120949811_8e4a02a798_m.jpg\" width=\"240\" height=\"180\" alt=\"Imagen(493).jpg\" /></a>    \r\nMy partner on this project master of pyGtk but for some reason the project its using wxPython\r\n</center>\r\n\r\nAnd here some pics of design work:   \r\n<a href=\"http://www.flickr.com/photos/zodman/3121775024/\" title=\"Imagen(492).jpg por zodman, en Flickr\"><img src=\"http://farm4.static.flickr.com/3114/3121775024_90ec76a1d2.jpg\" width=\"500\" height=\"375\" alt=\"Imagen(492).jpg\" /></a>\r\n','epson-tm-t88iv-works-linux'),(74,'este programa ha efectuado una operacion no valida y se cerrara, si el problema persiste consulte...','2008-12-19 16:49:32','Valerie Series - Este programa ha efectuado una operacion no valida y se cerrara, si el problema persiste consulte con su proveedor\r\n\r\n<object width=\"425\" height=\"344\"><param name=\"movie\" value=\"http://www.youtube.com/v/SaAvORXWtNI&hl=es&fs=1\"></param><param name=\"allowFullScreen\" value=\"true\"></param><param name=\"allowscriptaccess\" value=\"always\"></param><embed src=\"http://www.youtube.com/v/SaAvORXWtNI&hl=es&fs=1\" type=\"application/x-shockwave-flash\" allowscriptaccess=\"always\" allowfullscreen=\"true\" width=\"425\" height=\"344\"></embed></object>','este-programa'),(76,'tesis de diseño en theme de gtk','2008-12-27 21:33:31','Me sorprendio encontrar estos chavos de argentina que sacaron su tesis apartir del diseño de interfaz gtk para gnome.\r\n\r\nVideo:\r\n<object width=\"425\" height=\"344\"><param name=\"movie\" value=\"http://www.youtube.com/v/a4HJFRdU4Do&color1=0xb1b1b1&color2=0xcfcfcf&hl=es&feature=player_embedded&fs=1\"></param><param name=\"allowFullScreen\" value=\"true\"></param><embed src=\"http://www.youtube.com/v/a4HJFRdU4Do&color1=0xb1b1b1&color2=0xcfcfcf&hl=es&feature=player_embedded&fs=1\" type=\"application/x-shockwave-flash\" allowfullscreen=\"true\" width=\"425\" height=\"344\"></embed></object>\r\n\r\nSe ve que no simplemente hicieron un theme para gtk sino que hicieron toda la mercadotecnia del tema\r\n\r\n\r\nhttp://vamox.blogspot.com\r\n\r\nY su tema en gnome-look [vamox](http://www.gnome-look.org/content/show.php/Vamox+Theme+1.0?content=95244)','tesis-de-diseno-en-theme-de-gtk'),(77,'paste in vim','2009-01-04 12:34:58','     <zodman> hi all, exist a command for _paste_ from gnome-terminal to vim somelike middle mouse click ....\r\n     <\\amethyst> zodman:  \"*p','paste-vim'),(78,'django-meteora','2009-01-08 13:51:56','Im working for a 1.5 month on a project on Cancun Quintana Roo. \r\n\r\nThis projects its make a POS ( point of Sale) for [cocobongo](http://cocobongo.com.mx) the system its on web  with backend intereface.\r\n\r\nWell im use [meteora](http://meteora.astrata.com.mx) for ajaxian actions. Meteora its a javascript widgets of mootools. the main developer is [Jose Carlos Nieto](http://xiam.menteslibre.org) \r\n\r\nWith can do a lot of things:  \r\n    * Autocomplete\r\n    * Bubble\r\n    * Calendar\r\n    * Carousel\r\n    * Datagrid\r\n    * Dialog\r\n    * Editor\r\n    * Filebrowser\r\n    * Form Control\r\n    * Menu\r\n    * Notebook\r\n    * Picbox\r\n    * Popup\r\n    * Searchlist\r\n    * Selection\r\n    * Spinbutton\r\n    * Tablesort\r\n    * Toolbox\r\n    * Treeview\r\n\r\nThe main developer of meteora, its a php ninja coder so, exist some [php-libs](http://code.google.com/p/textmotion/source/browse/trunk/src/lib/meteora.php) for meteora. Im do my project using meteora and make my own meteora lib ( with help of [Ivan Zenteno](http://k001operator.info) on python.\r\n\r\n[django-meteora](http://github.com/zodman/django-meteora/)\r\n\r\nIts a simple lib for call HttResponse and get some [jsonrpc](http://meteora.astrata.com.mx/pages/documentation/core-jsonrpc)\r\n\r\nFor now only works on views. \r\n','django-meteora'),(79,'Fabric a pythonic tool for deployment','2009-01-13 18:25:05','Today im found a [list of python-es](http://listas.aditel.org/archivos/python-es/2009-January/023702.html) this very Usefull tool for admin system.\r\n\r\n[Fabric](http://www.nongnu.org/fab/) its a tool for execute commands on remote servers. With it you can automate updates/softwares and others stuff. very Usefull.\r\n\r\nexample:   \r\n\r\n     :::python\r\n     set(\r\n         project = \'awesome-app\',\r\n         fab_hosts = [\'n1.cluster.com\', \'n2.cluster.com\'],\r\n      )\r\n     def deploy():\r\n        \"Build the project and deploy it to a specified environment.\"\r\n         local(\'mvn package\')\r\n         put(\'target/$(project).war\', \'$(project).war\')\r\n         put(\'install-script.sh\', \'install-script.sh\')\r\n         sudo(\'install-script.sh\')','fabric-pythonic-tool-deployment'),(80,'stream/share music video to xbox360 and ps3','2009-01-20 12:48:03','My friend [TForsman](http://www.foresightlinux.se/blog) package the [ushare](http://ushare.geexbox.org/) app.\r\n\r\nThis its a software what can be recognized by xbox360 and PS3 consoles. for stream files. Soo this how it works its on wiki\r\n\r\n[https://wiki.foresightlinux.org/display/docs/Stream+music+and+videos+with+xbox+360+and+PS3](https://wiki.foresightlinux.org/display/docs/Stream+music+and+videos+with+xbox+360+and+PS3)','streamshare-music-video-xbox360-and-ps3'),(81,'match url /foo/2009-01-01/','2009-01-22 14:32:28','on a django how match a date string like 2009-01-01 with this:\r\n\r\n    :::python    \r\n    (r\'^reportes/(?P<fecha>\\d+-\\d+-\\d+)/$\',\'pos.boutiques.views.report\'),\r\n\r\ntime left on it: 30 min.\r\n\r\nDanmit im need re-learn regex of python','match-url-foo2009-01-01'),(82,'anti-piratas','2009-01-22 16:00:34','<img src=\"http://linuxhispano.net/tira/piratas.png\">','anti-piratas'),(83,'pyExcelerator making xls files with python','2009-01-26 12:52:04','This week ended. Im use this lib its called funny pyExcelerator ( remember me terminator movie).\r\n\r\nIts a python module for make files compatibles with MS excel Office.\r\n\r\nIm try it and can open files with Office 2007, Mac Office and Openoffice. This solve my problems with endusers what a need a reports in excel.\r\n\r\nhere a example:\r\n\r\n    :::python\r\n    from pyExcelerator import *\r\n    \r\n    w = Workbook()\r\n    ws = w.add_sheet(\'Hey, Dude\')\r\n    \r\n    ws.write(0, 0, 1)\r\n    ws.write(1, 0, 1.23)\r\n    ws.write(2, 0, 12345678)\r\n    ws.write(3, 0, 123456.78)\r\n    \r\n    ws.write(0, 1, -1)\r\n    ws.write(1, 1, -1.23)\r\n    ws.write(2, 1, -12345678)\r\n    ws.write(3, 1, -123456.78)\r\n    \r\n    ws.write(0, 2, -17867868678687.0)\r\n    ws.write(1, 2, -1.23e-5)\r\n    ws.write(2, 2, -12345678.90780980)\r\n    ws.write(3, 2, -123456.78)\r\n    \r\n    w.save(\'numbers.xls\')\r\n\r\nthe better of that module its not have deps. so not need a openoffice core/lib for used it.   \r\n\r\n$ yolk -S name=pyExcelerator -M pyExcelerator  \r\nauthor: Roman V. Kiseliov   \r\nauthor_email: roman@kiseliov.ru  \r\ndownload_url: http://www.sourceforge.net/projects/pyexcelerator  \r\nplatform: Platform-independent  \r\nversion: 0.6.0a  \r\n','pyexcelerator-making-xls-files-python'),(84,'guess what programming language  control this robots','2009-01-29 12:45:58','![robot](http://2.bp.blogspot.com/_1srVB7Ihd-8/SX_S-hJqsXI/AAAAAAAAAIQ/FL1vuIkfRJE/s320/IMG_1357.JPG)\r\n\r\n![robot2](http://3.bp.blogspot.com/_1srVB7Ihd-8/SYBLjY7PfiI/AAAAAAAAAIY/c3jsLn8TmrE/s320/IMG_1358.JPG)\r\n\r\nANSWER: http://entitycrisis.blogspot.com/2009/01/giant-python-powered-robots.html','guess-what-programming-language-control-robots'),(85,'kde4.2 on foresightlinux','2009-01-30 11:35:06','`sudo conary update group-kde4=kde.rpath.org@fl:2-kde4.2-devel`\r\n\r\nand it download all requires to use kde4.2.\r\n\r\nKde 4.2 its not official of Foresight so if you have question about it. you can Visit:\r\n\r\nforesight-kde channel on irc.freenode.org and ask for how use it.\r\n\r\nupdate:\r\n*** Reading foresight channel you must migrate your foresight system to 2-qa for install kde4.2 because deps of python2.6 and python2.6 for now its on 2-qa branch and 2-devel','kde42-foresightlinux'),(86,'playing with conary public api','2009-02-02 01:45:23','Im working with conary backend of PackageKit, i can do a some hacks implements the new Cache.\r\nSome examples what i do:\r\n\r\nGet the MetaData Info from some package:\r\n\r\n    :::python\r\n    from conary.conaryclient import ConaryClient\r\n    cli = ConaryClient()\r\n    \r\n    trove_list  =  cli.db.getTroveList(\"gimp\")\r\n    for trove in trove_list:\r\n        print \"Info about: %s \"% trove.getName()\r\n        meta_dict = trove.getAllMetadataItems()[0]\r\n        for key in meta_dict.keys():\r\n            m = getattr(meta_dict,key)\r\n            print \"%s : %s\" %(key, m() )\r\n\r\nOutput:   \r\n\r\n    :::bash\r\n    [zodman@cosmogirl tests]$ python conaryclient.py \r\n    Info about: gimp \r\n    shortDesc : Image Editor\r\n    longDesc : Create images and edit photographs\r\n    categories : [\'2DGraphics\', \'GTK\', \'Graphics\', \'RasterGraphics\']\r\n\r\n\r\nCool :) This output its similar a  \r\n\r\n`$ conary q gimp --info`\r\n\r\n[zodman@cosmogirl tests]$ conary q gimp --info  \r\nName      : gimp               Build time: Tue Sep 16 11:17:33 2008  \r\nVersion   : 2.4.6-0.2-1        Label     : foresight.rpath.org@fl:2  \r\nSize      : 53372245            \r\nPinned    : False  \r\nFlavor    : is: x86             \r\nCategory  : 2DGraphics  \r\nCategory  : GTK  \r\nCategory  : Graphics  \r\nCategory  : RasterGraphics  \r\nSummary   : Image Editor  \r\nDescription:   \r\n    Create images and edit photographs  \r\n\r\n','playing-conary-public-api'),(87,'conarylib using the conary public api','2009-02-03 23:18:39','Doing the hacking of packagekit im reading the code from conaryBackend.py conaryFilter.py Cache.py\r\n\r\nIm very lost following the code so im decide make more modular can i posible to do.\r\n\r\nBTW im not found some code example or blogpost about how to use the conary public api. Im have to read the code from /usr/bin/conary file. And get some details of conary api.\r\n\r\nOnly the little help of mkj. I can do a equal of \"conary q\" and \"conary rq\"\r\n\r\nSo im decide to make a small module for basic task ( what can Improvement the packagekit) of conary api. Commands line equal with use the cli conary.\r\n\r\nSo get check the code:\r\n\r\n[http://github.com/zodman/conary-lib/](http://github.com/zodman/conary-lib/)\r\n','conarylib-using-conary-public-api'),(88,'Update a app with conary-lib','2009-02-05 02:15:37','Yeah im add a method for a simple:  conary update app\\<\\=repo\\@tag\\:label\\> \r\n\r\nReading the [documentation][2] and seen some code im understand some things....\r\n\r\n* For conary update a package ( called installing a package) need to create a Job\r\n* With this job its a empty for begining. You must attach some task like (Update)\r\n* If job created the update must Apply for install it.\r\n* for update a package needs be a ChangeSpec Format:   \r\n   (troveName, (oldVersionSpec, oldFlavor), (newVersionSpec, newFlavor)\r\n* conary.conary.ConaryClient its the base of conary Structure on Conary API.\r\n\r\nFrom command line:  \r\n\r\n    :::sh\r\n    [zodman@cosmogirl conary-lib]$ conary q iftop\r\n    iftop was not found\r\n    [zodman@cosmogirl conary-lib]$ sudo python conarypk.py\r\n    Update Success of iftop=/zodyrepo.rpath.org@rpl:devel/0.17-3-1\r\n    [zodman@cosmogirl conary-lib]$ conary q iftop --labels\r\n    iftop=zodyrepo.rpath.org@rpl:devel/0.17-3-1\r\n\r\nthe new method:\r\n\r\n    :::python\r\n    def update(self, name, installLabel= None):\r\n            cli = self.cli\r\n            #get a trove\r\n            troves = self.request_query(name, installLabel)\r\n            for trove in troves:\r\n                trovespec =  self.trove_to_spec( trove )\r\n            try:\r\n                # create a Job\r\n                job = cli.newUpdateJob()\r\n                # Add Update task to Job\r\n                cli.prepareUpdateJob(job, cmdline.parseChangeList(trovespec))\r\n                # Apply the Job\r\n                cli.applyUpdateJob(job)\r\n                # im rulz\r\n                return \"Update Success of %s\" %  trovespec\r\n            except NoNewTrovesError:\r\n                return \"no new Troves Found by %s \" % trovespec\r\n        \r\n        def trove_to_spec(self, trove ):\r\n            return cmdline.toTroveSpec( trove[0], str(trove[1]), None)\r\n\r\n    \r\nUsing [conary-lib][1]:\r\n\r\n        :::python\r\n        conary = ConaryPk()\r\n        print conary.update(\"iftop\",\"zodyrepo.rpath.org@rpl:devel\")\r\n\r\n[1]: http://github.com/zodman/conary-lib/blob/992befb5d82abafab83092e764caa3f1df054182/conarypk.py\r\n[2]: http://cvs.rpath.com/conary-docs','conary-api-update-app-conary-lib'),(89,'conary-lib update and PackageKit hacking','2009-02-09 01:02:24','conary-lib:\r\n\r\nIm hack the lib and add the remove method what as the same of update but a little change add a \"-\" after the spec string for when do a update have translated to:\r\n\r\n` $ conary update -gimp=mylabel.rpath.org@rpl:devel `\r\n\r\nwhats as the same of doing \r\n\r\n`$ conary erase gimp`\r\n\r\nIm understand this rapid because [Mark__T](http://marktmisc.blogspot.com/) show me that time ago.\r\nSo its be easy to implement.\r\n\r\nOther command its get  a metadata info from a package.\r\n\r\n        :::python\r\n        def get_metadata( self, name , installLabel = None):\r\n            troveTuple = self.request_query( name, installLabel )\r\n            repos = self._get_repos()\r\n            troves = repos.getTroves(troveTuple)\r\n            metadata = None\r\n            for trove in troves:\r\n                if trove:\r\n                    metadata = trove.getMetadata()\r\n            return metadata\r\n\r\nFor get:\r\n\r\n        :::python\r\n        conary = conaryPK\r\n        print conary.get_metadata(\"christine\",\'zodyrepo.rpath.org@rpl:devel\')\r\n        # output: {\'bibliography\': None, \'language\': None, \'url\': None, \'notes\': None, \'crypto\': None,\r\n        \'licenses\': None, \'keyValue\': None, \'shortDesc\': \'Christine Media Player\', \'longDesc\': \'Gstreamer Based Media Player\',\r\n         \'categories\': [\'Application\', \'AudioVideo\', \'GTK\']}\r\n\r\n\r\nPackageKit:\r\n\r\nIm work on packagekit. here the Update: [http://lists.rpath.org/pipermail/foresight-devel/2009-February/000720.html](http://lists.rpath.org/pipermail/foresight-devel/2009-February/000720.html)\r\n','conary-lib-update-and-packagekit-hacking'),(90,'PackageKit Release 4.4','2009-02-23 10:08:24','[PackageKit release](http://cgit.freedesktop.org/packagekit/tree/NEWS) yeah!!!\r\n\r\n\r\nBut why its  important ... \r\n\r\nWell this its my first official contrib to FLOSS. Im only hacks some libs, or make small patches, not really somelike bigger like fix a Backend and Rewrite/Implement new features.\r\n\r\nSo i give love to packagekit. By supporting the conary backend.\r\n\r\nNow im listened [monkey contribs of packagekit](http://packagekit.org/pk-authors.html) ( im at last ).\r\n\r\nSo what happen with Packagekit..... \r\nwell foresight pass from this:\r\n\r\n<center>\r\n![oldpackagekit](http://farm4.static.flickr.com/3288/3143453953_0d0e5f88a4.jpg)\r\nOLD\r\n</center>\r\nTo this:  \r\n<center>\r\n<a href=\"http://twitpic.com/1ngfo\" title=\"the new PackageKit For Foresight on TwitPic\"><img src=\"http://twitpic.com/show/thumb/1ngfo.png\" width=\"150\" height=\"150\" alt=\"the new PackageKit For Foresight on TwitPic\"></a>  \r\nNEW\r\n</center>\r\n\r\nNew Features:\r\n\r\n conary:Update the Cache with a NewCache.  \r\n conary:Add more support for reading metadata info.  \r\n conary:Support search [name|group|details].  \r\n conary:Packages Browsing.  \r\n conary:Add percent to install/remove/get-updates/update-system.   \r\n\r\nYes We have a Packages Browsing ... this make a step less for [kick ass Desktop](https://issues.foresightlinux.org/browse/FL-1380). The issue its not done, because need some tunnings and updates.\r\n\r\nOther thing its new code new bugs im invite to all Foresight\'ers to get PackageKit from 2-devel tag an test it:\r\n\r\n` sudo conary update {PackageKit,gnome-packagekit}=@fl:2-devel`\r\n\r\nAnd report bugs to me or on [FITS](http:://issues.foresightlinux.org).\r\n\r\nOk we have packages Browsing But not have  items populate with metadata. So our Browsing are Poor .\r\n\r\nAlthough need a new ideas comes for Populate data what i like. That to be a mark for foresight from other distros..( donophin have a great Idea )  \r\n\r\nIt can be some like [slackfind](http://slackfind.net/en), [AUR](http://aur.archlinux.org/), [debian mentor.](http://mentors.debian.net/cgi-bin/welcome)\r\n\r\nWell new Stuff come as [kenvandine](http://blogs.gnome.org/kenvandine/) said _we’ll kick ass in 2009_','packagekit-release-44'),(91,'enlightenment on foresight','2009-02-27 01:52:49','e17 its on fl repos ....\r\n\r\n`sudo conary update enlightenment`\r\n\r\nIts beauty!!\r\n\r\n<a href=\"http://img27.imageshack.us/img27/4130/e17.png\" target=\"_blank\"><img src=\"http://img27.imageshack.us/img27/4130/e17.th.png\" border=\"0\"  /></a>','enlightenment-foresight'),(92,'saint seiya the anime .. im loved!','2009-02-27 18:49:40','im very excited because im know about the new anime serie of saint seiya.\r\n\r\nSaint Seiya - The lost canvas ...\r\n\r\n![saint-seiya](http://img264.imageshack.us/img264/4885/3297481126780d3033a0o.jpg)\r\n\r\nAnd the new disc of make-up with the main themes of Saint Seiya.\r\n\r\n<object width=\"425\" height=\"344\"><param name=\"movie\" value=\"http://www.youtube.com/v/5HmmyPBem70&color1=0xb1b1b1&color2=0xcfcfcf&feature=player_embedded&fs=1\"></param><param name=\"allowFullScreen\" value=\"true\"></param><embed src=\"http://www.youtube.com/v/5HmmyPBem70&color1=0xb1b1b1&color2=0xcfcfcf&feature=player_embedded&fs=1\" type=\"application/x-shockwave-flash\" allowfullscreen=\"true\" width=\"425\" height=\"344\"></embed></object>\r\n\r\nIm need the torrent!!!!!!!! ','saint-seiya-anime-im-loved'),(93,'notify-osd on foresightlinux','2009-03-06 02:33:12','Not only on ubuntu its getting the new notify-osd Foresight have implement it... [with some problems](https://issues.foresightlinux.org/browse/FL-1963)\r\n\r\nBut its usable!\r\n\r\n[![img](http://img18.imageshack.us/img18/4159/pantallazodsc.th.png)](http://img18.imageshack.us/img18/4159/pantallazodsc.png)\r\n\r\nits on fl:2-qa label from now ...\r\n\r\n`sudo conary update notify-osd=@fl:2-qa`','notify-osd-foresightlinux'),(94,'imageshack.us client with python powers','2009-03-07 02:50:15','Im searching about the a cli what can i upload images to [imageshack.us](http://imageshack.us) and not found on google....\r\n\r\nSo i write my own client.\r\n\r\n    :::python\r\n    #!/usr/bin/env python\r\n    import urllib2\r\n    from poster.encode import multipart_encode\r\n    from poster.streaminghttp import register_openers\r\n    \r\n    API_URL = \'http://www.imageshack.us/index.php\'\r\n    \r\n    def yesno(x):\r\n        if x:\r\n            return \'yes\'\r\n        else:\r\n            return \'no\'\r\n    \r\n    def upload_file(filename, optsize=None,\r\n                    user_cookie=None,\r\n                    remove_bar=True,\r\n                    tags=None,\r\n                    public=True,\r\n                    ):\r\n        register_openers()\r\n        data = {\'fileupload\' :open(filename),\r\n                \'xml\':yesno(True)\r\n                }\r\n        datagen, headers = multipart_encode(data)\r\n    \r\n        # Some optional parameters\r\n        if optsize:\r\n            data[\'optsize\'] = optsize\r\n        if user_cookie:\r\n            data[\'cookie\'] = user_cookie\r\n        if tags:\r\n            data[\'tags\'] = tags\r\n        \r\n        req = urllib2.Request(API_URL, datagen,headers)\r\n        u = urllib2.urlopen(req)\r\n        return u.read()\r\n    \r\n    if __name__ == \"__main__\":\r\n        import sys\r\n        print upload_file(sys.argv[1])\r\n\r\nthe result here:\r\n\r\n![pantallazo](http://img26.imageshack.us/img26/5081/10215948.png)\r\n\r\nThis small app. needs module [poster](http://atlee.ca/software/poster/) what make the encode multipart life easy. (on foresight its on fl:2-devel xD )\r\n\r\nYeah it need more hack .. [hackimages github repo](http://github.com/zodman/hackimages)','imageshackus-client-python-powers'),(95,'vim python support on foresight','2009-03-09 00:27:37','im update few days ago the vim.. on fl:2-devel someone add the params for get the python support im only bake the changes but now i have vim with python powers....\r\n\r\n[![vim](http://img26.imageshack.us/img26/9490/vimsupport.th.png)](http://img26.imageshack.us/img26/9490/vimsupport.png)\r\n\r\nThis because the vim version on conary repo not have support of it. So the rpathians what use ? emacs ? argh!!! ( i dont like)\r\n\r\nthis make the [onmicomplete](http://vimdoc.sourceforge.net/htmldoc/version7.html#new-omni-completion) awesome. and with vim-addons( zodyrepo.rpath.org@rpl:devel ) can be a replace of any IDE.\r\n\r\nSome python code what i learned today [Iterator]:\r\n\r\n    :::python\r\n    In [1]: a = [\"a\",\"b\",\"c\"]\r\n    \r\n    In [2]: b = iter(a)\r\n    \r\n    In [3]: b.next()\r\n    Out[3]: \'a\'\r\n    \r\n    In [4]: b.next()\r\n    Out[4]: \'b\'\r\n    \r\n    In [5]: b.next()\r\n    Out[5]: \'c\'\r\n    \r\n    In [6]: b.next()\r\n    ---------------------------------------------------------------------------\r\n    StopIteration                             Traceback (most recent call last)\r\n    \r\n    /home/zodman/<ipython console> in <module>()\r\n    \r\n    StopIteration: \r\n\r\nIm love python because sometimes not need explains for understand what doing ...','vim-python-support-foresight'),(96,'easygui a module for make easy dialogs with Tk','2009-03-09 14:39:25','Reading the [bucio blog][bucio] at [planetalinux][planetalinux] talking about [zenity][zenity] that remember me the [easygui][easygui] module what think can be solve the same problems of zenity (or not alls ) without the gnome(gtk) deps.\r\n\r\n` python -m easygui `   \r\n\r\n[![easygui](http://img210.imageshack.us/img210/1600/easyguidemo.th.png)](http://img210.imageshack.us/img210/1600/easyguidemo.png)\r\n\r\nSo with it you can make a small dirty tk gui\'s:\r\n\r\n`python -c \"import easygui; easygui.boolbox(\'Are ok\')\" `  \r\n\r\n`python -c \"import easygui; print easygui.ccbox(\'zodman continue\')\" `  \r\n\r\n\r\nfor Foresight users its packaged on fl:2-devel\r\n\r\n` sudo conary update easygui=@fl:2-devel `\r\n\r\n[bucio]:http://bucio.com.mx/\r\n[planetalinux]:http://mx.planetalinux.org/\r\n[easygui]:http://easygui.sourceforge.net/\r\n[zenity]:http://library.gnome.org/users/zenity/stable/index.html.es','easygui-module-make-easy-dialogs-tk'),(97,'xfce 4.6 on foresight linux','2009-03-10 02:49:58','Yeah that its because foresight rulz\r\n\r\n[![xfce4.6][th]][img]\r\n\r\n` sudo conary update group-xfce-core`\r\n\r\nand very happy because this issue fixed [XFCE-37](https://issues.foresightlinux.org/browse/XFCE-37)\r\n\r\n[th]:http://img10.imageshack.us/img10/7492/xfce.th.png\r\n[img]:http://img10.imageshack.us/img10/7492/xfce.png','xfce-46-foresight-linux'),(98,'saint seiya Rocks!!','2009-03-10 03:11:51','are you love saint seiya visit this..... [http://www.elrincondelmanga.com/foro/showpost.php?p=1150573&postcount=436](http://www.elrincondelmanga.com/foro/showpost.php?p=1150573&postcount=436)\r\n\r\nyeah!','saint-seiya-rocks'),(99,'How populate my app Metadata for show on packagekit','2009-03-11 15:09:27','A lot of times people askme that.  \r\n\r\nSo im add the Way for populate Metadata on foresight.packages.  \r\n[https://wiki.foresightlinux.org/display/DEV/set+Metadata+for+package](https://wiki.foresightlinux.org/display/DEV/set+Metadata+for+package)\r\n\r\nAnd a how use the catalog files.  \r\n[https://wiki.foresightlinux.org/display/DEV/Catalog+Files](https://wiki.foresightlinux.org/display/DEV/Catalog+Files)\r\n','how-populate-my-app-metadata-show-packagekit'),(100,'firefox maya locale','2009-03-13 15:12:49','im happy beacuse a friend [JulianCeballos][] work on translating firefox to maya ( my traditional and old mayan language) yes the language what the actors on [apocalypto][] spoke.\r\n\r\nits not complete but here a shot:\r\n![ffmaya](http://farm4.static.flickr.com/3594/3345730237_4d3bdaa477_o.png)\r\n\r\nthe locale its called myn_MX.\r\n\r\n[julianceballos]:http://julianceballos.wordpress.com/2009/03/04/congreso-ed-popular-xxi/\r\n[apocalypto]:http://en.wikipedia.org/wiki/Apocalypto','firefox-maya-locale'),(101,'the openletter to foresightlinux','2009-03-17 01:15:05','[http://linux-blog.org/an-open-letter-to-foresight-linux/](http://linux-blog.org/an-open-letter-to-foresight-linux/)\r\n\r\nThat hurt im reply it. ','openletter-foresightlinux');
UNLOCK TABLES;
/*!40000 ALTER TABLE `blog_entrada` ENABLE KEYS */;

--
-- Table structure for table `blog_entrada_categoria`
--

DROP TABLE IF EXISTS `blog_entrada_categoria`;
CREATE TABLE `blog_entrada_categoria` (
  `id` int(11) NOT NULL auto_increment,
  `entrada_id` int(11) NOT NULL,
  `categoria_id` int(11) NOT NULL,
  PRIMARY KEY  (`id`),
  UNIQUE KEY `entrada_id` (`entrada_id`,`categoria_id`),
  KEY `categoria_id_refs_id_6b409133` (`categoria_id`)
) ENGINE=MyISAM DEFAULT CHARSET=utf8;

--
-- Dumping data for table `blog_entrada_categoria`
--


/*!40000 ALTER TABLE `blog_entrada_categoria` DISABLE KEYS */;
LOCK TABLES `blog_entrada_categoria` WRITE;
INSERT INTO `blog_entrada_categoria` VALUES (24,1,1),(46,2,2),(47,2,3),(27,3,3),(28,4,3),(29,5,2),(30,7,4),(31,9,1),(32,11,3),(33,12,1),(49,13,5),(48,13,3),(93,15,6),(92,15,3),(105,17,4),(104,17,3),(103,17,1),(109,19,7),(121,20,7),(120,20,6),(146,24,3),(147,24,5),(148,24,7),(160,25,5),(159,25,3),(161,26,3),(162,26,5),(163,26,7),(164,27,2),(165,27,6),(166,27,7),(169,28,3),(177,29,3),(180,30,4),(182,31,6),(184,32,2),(201,33,8),(203,33,5),(202,33,3),(206,35,1),(207,36,3),(208,37,3),(209,38,1),(212,39,1),(233,40,3),(234,40,5),(238,42,3),(240,43,1),(241,45,3),(242,45,4),(246,46,4),(245,46,3),(247,47,2),(248,47,6),(249,47,7),(252,48,8),(257,49,8),(258,49,3),(259,49,5),(261,50,3),(262,51,9),(269,52,3),(270,52,5),(268,53,3),(272,55,1),(277,56,3),(294,57,3),(295,57,4),(306,58,9),(305,58,8),(307,58,3),(314,59,5),(315,61,3),(316,63,3),(317,64,1),(318,64,10),(319,64,6),(336,65,10),(337,65,3),(338,66,9),(339,66,10),(343,67,5),(342,67,3),(345,68,3),(354,70,3),(355,70,7),(356,71,3),(357,71,5),(358,71,7),(361,75,5),(364,76,12),(365,76,5),(366,77,13),(373,78,5),(374,78,6),(375,78,7),(391,79,7),(390,79,6),(392,80,9),(393,80,5),(394,81,2),(398,83,7),(397,83,6),(404,84,5),(403,85,3),(410,86,3),(417,87,3),(418,87,6),(419,87,7),(461,88,7),(459,88,6),(460,88,14),(469,90,3),(468,90,10),(470,91,3),(471,92,1),(475,93,3),(482,94,5),(483,94,6),(484,94,7),(487,95,9),(488,95,7),(501,96,6),(502,96,7),(503,97,8),(504,97,3),(505,98,1),(527,99,10),(526,99,9),(529,99,5),(528,99,3),(530,100,5),(531,101,3);
UNLOCK TABLES;
/*!40000 ALTER TABLE `blog_entrada_categoria` ENABLE KEYS */;

--
-- Table structure for table `django_admin_log`
--

DROP TABLE IF EXISTS `django_admin_log`;
CREATE TABLE `django_admin_log` (
  `id` int(11) NOT NULL auto_increment,
  `action_time` datetime NOT NULL,
  `user_id` int(11) NOT NULL,
  `content_type_id` int(11) default NULL,
  `object_id` longtext,
  `object_repr` varchar(200) NOT NULL,
  `action_flag` smallint(5) unsigned NOT NULL,
  `change_message` longtext NOT NULL,
  PRIMARY KEY  (`id`),
  KEY `django_admin_log_user_id` (`user_id`),
  KEY `django_admin_log_content_type_id` (`content_type_id`)
) ENGINE=MyISAM DEFAULT CHARSET=utf8;

--
-- Dumping data for table `django_admin_log`
--


/*!40000 ALTER TABLE `django_admin_log` DISABLE KEYS */;
LOCK TABLES `django_admin_log` WRITE;
INSERT INTO `django_admin_log` VALUES (26,'2008-07-13 05:27:52',1,13,'1','planet linux mx',1,''),(25,'2008-07-13 05:27:47',1,12,'1','linux',1,''),(24,'2008-07-12 17:47:25',1,11,'2','comments-enable!',2,'Modificado fecha.'),(23,'2008-07-12 17:47:19',1,11,'2','comments-enable!',2,'Modificado fecha y contenido.'),(22,'2008-07-12 17:46:56',1,11,'2','comments-enable!',2,'Modificado fecha y contenido.'),(21,'2008-07-12 17:46:25',1,11,'2','comments-enable!',2,'Modificado fecha y contenido.'),(20,'2008-07-12 17:43:10',1,11,'2','comments-enable!',2,'Modificado fecha y contenido.'),(19,'2008-07-12 17:42:26',1,11,'2','comments-enable!',2,'Modificado fecha y contenido.'),(18,'2008-07-12 17:41:49',1,11,'2','comments-enable!',2,'Modificado fecha y contenido.'),(17,'2008-07-12 17:40:53',1,11,'2','comments-enable!',2,'Modificado fecha y contenido.'),(16,'2008-07-12 17:40:24',1,11,'2','comments-enable!',2,'Modificado fecha y contenido.'),(15,'2008-07-12 17:39:46',1,11,'2','comments-enable!',2,'Modificado fecha y contenido.'),(14,'2008-07-12 17:33:06',1,11,'2','comments-enable!',2,'Modificado fecha y contenido.'),(13,'2008-07-12 17:31:04',1,11,'2','comments-enable!',2,'Modificado fecha y contenido.'),(12,'2008-07-12 17:30:19',1,11,'2','comments-enable!',2,'Modificado fecha y contenido.'),(11,'2008-07-12 17:21:02',1,11,'2','comments-enable!',2,'Modificado fecha y contenido.'),(10,'2008-07-12 17:17:51',1,10,'3','foresight',1,''),(9,'2008-07-12 17:15:12',1,11,'2','comments-enable!',2,'Modificado fecha y contenido.'),(8,'2008-07-12 17:14:55',1,11,'2','comments-enable!',1,''),(7,'2008-07-12 17:12:01',1,10,'2','django',1,''),(6,'2008-07-12 17:11:00',1,8,'1','/about/ -- About Me',2,'Modificado contenido.'),(5,'2008-07-11 01:12:42',1,7,'1','zod.com.mx',2,'Modificado nombre de dominio y nombre para mostrar.'),(4,'2008-07-11 01:11:37',1,11,'1','se chingo el blog',2,'Modificado fecha y contenido.'),(3,'2008-07-11 01:08:02',1,11,'1','se chingo el blog',1,''),(2,'2008-07-11 01:04:22',1,10,'1','Life',1,''),(1,'2008-07-10 16:29:21',1,8,'1','/about/ -- About Me',1,''),(27,'2008-07-15 05:25:15',1,11,'3','packaging the xfce-goodies',1,''),(28,'2008-07-15 19:43:16',1,13,'2','como carajos',1,''),(29,'2008-07-19 05:14:14',1,11,'4','conary-idea',1,''),(30,'2008-07-19 05:27:14',1,11,'4','conary-idea',2,'Modificado fecha y contenido.'),(31,'2008-07-21 04:52:42',1,11,'5','newform on django Incompatible django from know',1,''),(32,'2008-07-21 04:54:07',1,11,'5','newform on django Incompatible django from know',2,'Modificado fecha y contenido.'),(33,'2008-07-21 04:55:06',1,11,'5','newform on django Incompatible django from know',2,'Modificado fecha.'),(34,'2008-07-21 04:56:38',1,11,'5','newform on django Incompatible django from know',2,'Modificado fecha y contenido.'),(35,'2008-07-21 05:06:02',1,11,'6','EL SUR GRITA',1,''),(36,'2008-07-22 23:34:23',1,10,'4','conferences',1,''),(37,'2008-07-22 23:37:08',1,11,'7','enli is comming',1,''),(38,'2008-07-22 23:39:38',1,11,'7','enli is comming',2,'Modificado fecha y contenido.'),(39,'2008-07-22 23:39:54',1,11,'7','enli is coming',2,'Modificado titulo, fecha y slug.'),(40,'2008-07-22 23:41:39',1,11,'7','enli is coming',2,'Modificado fecha y contenido.'),(41,'2008-07-22 23:42:42',1,11,'7','enli is coming',2,'Modificado fecha y contenido.'),(42,'2008-07-24 07:14:38',1,11,'8','Foresight 2.0.4 release',1,''),(43,'2008-07-24 07:21:31',1,11,'8','Foresight 2.0.4 release',2,'Modificado fecha y contenido.'),(44,'2008-07-25 19:20:19',1,11,'9','find en merida',1,''),(45,'2008-07-25 19:24:12',1,11,'9','find en merida',2,'Modificado fecha y contenido.'),(46,'2008-07-25 19:25:52',1,11,'9','find en merida',2,'Modificado fecha y contenido.'),(47,'2008-07-25 19:26:56',1,11,'9','find en merida',2,'Modificado fecha y contenido.'),(48,'2008-07-29 05:49:36',1,11,'9','finde en merida',2,'Modificado titulo, fecha y slug.'),(49,'2008-08-02 03:19:37',1,11,'10','now im a foresight member',1,''),(50,'2008-08-14 15:44:37',1,12,'2','foresight',1,''),(51,'2008-08-14 15:44:42',1,13,'3','Zody foresight repo',1,''),(52,'2008-08-14 15:45:29',1,12,'3','Stuff',1,''),(53,'2008-08-14 15:45:42',1,13,'4','delicious',1,''),(54,'2008-08-14 15:46:05',1,12,'4','Social Network',1,''),(55,'2008-08-14 15:47:48',1,13,'5','Facebook',1,''),(56,'2008-08-14 15:49:06',1,13,'6','twitter',1,''),(57,'2008-08-14 15:49:30',1,13,'7','Pownce',1,''),(58,'2008-08-14 15:50:39',1,13,'8','Last.FM',1,''),(59,'2008-08-15 00:28:57',1,11,'11','foresight feed',1,''),(60,'2008-08-16 20:04:26',1,11,'12','zodman zone',1,''),(61,'2008-08-16 20:07:31',1,11,'12','zodman zone',2,'Modificado/a contenido.'),(62,'2008-08-17 08:34:13',1,13,'8','Last.FM',2,'Modificado/a imagen.'),(63,'2008-08-17 08:34:31',1,13,'6','twitter',2,'Modificado/a imagen.'),(64,'2008-08-17 08:36:13',1,13,'5','Facebook',2,'Modificado/a imagen.'),(65,'2008-08-17 08:38:11',1,13,'5','Facebook',2,'No ha cambiado ningún campo.'),(66,'2008-08-17 08:42:02',1,13,'4','delicious',2,'Modificado/a imagen.'),(67,'2008-08-17 08:46:29',1,13,'3','Zody foresight repo',2,'Modificado/a imagen.'),(68,'2008-08-17 09:01:33',1,13,'7','Pownce',2,'Modificado/a imagen.'),(69,'2008-08-17 09:04:12',1,13,'2','como carajos',2,'Modificado/a imagen.'),(70,'2008-08-17 09:06:57',1,13,'1','planet linux mx',2,'Modificado/a imagen.'),(71,'2008-08-17 09:08:30',1,13,'9','Planet Foresight',1,''),(72,'2008-08-17 09:11:32',1,13,'10','Foresight Forum esp',1,''),(73,'2008-08-17 09:29:21',1,13,'11','Picasa',1,''),(74,'2008-08-17 09:29:35',1,12,'2','Foresight',2,'Modificado/a nombre.'),(75,'2008-08-17 09:29:54',1,12,'1','FLOSS',2,'Modificado/a nombre.'),(76,'2008-08-17 09:30:09',1,12,'1','LINUX & FS',2,'Modificado/a nombre.'),(77,'2008-08-18 08:09:20',1,13,'12','DjangoPeople',1,''),(78,'2008-08-18 08:23:30',1,10,'5','Software',1,''),(79,'2008-08-18 08:28:18',1,11,'13','gwibber',1,''),(80,'2008-08-18 08:29:48',1,11,'13','gwibber',2,'Modificado/a contenido.'),(81,'2008-08-18 08:32:07',1,11,'13','gwibber',2,'Modificado/a contenido.'),(82,'2008-08-18 08:34:14',1,11,'13','gwibber',2,'Modificado/a contenido.'),(83,'2008-08-18 08:35:46',1,11,'13','gwibber',2,'Modificado/a contenido.'),(84,'2008-08-18 08:38:08',1,11,'13','gwibber',2,'Modificado/a contenido y categoria.'),(85,'2008-08-18 08:45:48',1,11,'13','gwibber',2,'Modificado/a contenido.'),(86,'2008-08-18 09:00:17',1,11,'13','gwibber',2,'Modificado/a contenido.'),(87,'2008-08-18 09:02:05',1,11,'2','comments-enable!',2,'No ha cambiado ningún campo.'),(88,'2008-08-18 09:03:28',1,11,'13','gwibber',2,'No ha cambiado ningún campo.'),(89,'2008-08-18 09:05:03',1,11,'13','gwibber',2,'No ha cambiado ningún campo.'),(90,'2008-08-18 09:06:45',1,11,'2','comments-enable!',2,'Modificado/a fecha.'),(91,'2008-08-18 09:10:11',1,11,'13','gwibber',2,'Modificado/a contenido.'),(92,'2008-08-18 21:30:40',1,11,'14','RSM on merida yucatan mexico',1,''),(93,'2008-08-19 08:10:56',1,11,'15','jira irc bot',1,''),(94,'2008-08-19 08:16:22',1,11,'15','jira irc bot',2,'Modificado/a contenido.'),(95,'2008-08-19 08:17:45',1,10,'6','Code',1,''),(96,'2008-08-19 08:18:20',1,11,'15','jira irc bot',2,'Modificado/a contenido y categoria.'),(97,'2008-08-19 08:23:24',1,11,'15','jira irc bot',2,'Modificado/a contenido.'),(98,'2008-08-19 08:28:57',1,11,'15','jira irc bot',2,'Modificado/a contenido.'),(99,'2008-08-19 08:32:43',1,11,'15','jira irc bot',2,'Modificado/a contenido.'),(100,'2008-08-19 08:34:09',1,11,'15','jira irc bot',2,'Modificado/a contenido.'),(101,'2008-08-19 08:34:56',1,11,'15','jira irc bot',2,'Modificado/a contenido.'),(102,'2008-08-19 08:36:15',1,11,'15','jira irc bot',2,'Modificado/a contenido.'),(103,'2008-08-19 08:48:49',1,11,'15','jira irc bot',2,'Modificado/a contenido.'),(104,'2008-08-19 08:49:38',1,11,'15','jira irc bot',2,'Modificado/a contenido.'),(105,'2008-08-19 08:49:53',1,11,'15','jira irc bot',2,'Modificado/a contenido.'),(106,'2008-08-19 08:52:24',1,11,'15','jira irc bot',2,'Modificado/a contenido.'),(107,'2008-08-19 08:59:04',1,11,'15','jira irc bot',2,'Modificado/a contenido.'),(108,'2008-08-19 09:00:30',1,11,'15','jira irc bot',2,'Modificado/a contenido.'),(109,'2008-08-19 09:01:05',1,11,'15','jira irc bot',2,'Modificado/a contenido.'),(110,'2008-08-19 09:09:47',1,11,'15','jira irc bot',2,'Modificado/a contenido.'),(111,'2008-08-19 09:16:43',1,11,'15','jira irc bot',2,'Modificado/a contenido.'),(112,'2008-08-19 09:17:20',1,11,'15','jira irc bot',2,'No ha cambiado ningún campo.'),(113,'2008-08-19 09:18:10',1,11,'15','jira irc bot',2,'Modificado/a contenido.'),(114,'2008-08-19 09:34:59',1,11,'15','jira irc bot',2,'Modificado/a contenido.'),(115,'2008-08-19 10:29:51',1,11,'15','jira irc bot',2,'Modificado/a contenido.'),(116,'2008-08-19 10:30:15',1,11,'15','jira irc bot',2,'Modificado/a contenido.'),(117,'2008-08-19 10:49:54',1,11,'15','jira irc bot',2,'Modificado/a contenido.'),(118,'2008-08-19 21:09:20',1,11,'16','Check out all package on your branch',1,''),(119,'2008-08-21 01:10:14',1,11,'17','FL-1486 Octuber Conferences',1,''),(120,'2008-08-21 01:13:50',1,11,'17','FL-1486 and Octuber Conferences',2,'Changed titulo.'),(121,'2008-08-21 01:51:48',1,11,'17','FL-1486 and Octuber Conferences',2,'Changed contenido.'),(122,'2008-08-21 07:17:31',1,11,'17','FL-1486 and Octuber Conferences',2,'Changed contenido.'),(123,'2008-08-21 19:40:30',1,11,'18','Gossip update',1,''),(124,'2008-08-21 19:41:56',1,11,'18','Gossip update',2,'Changed contenido.'),(125,'2008-08-21 19:45:45',1,11,'18','Gossip update',2,'Changed contenido.'),(126,'2008-08-21 19:46:47',1,11,'18','Gossip update',2,'Changed contenido.'),(127,'2008-08-21 19:47:49',1,11,'18','Gossip update',2,'Changed contenido.'),(128,'2008-08-21 19:50:49',1,11,'18','Gossip update',2,'Changed contenido.'),(129,'2008-08-22 08:46:51',1,10,'7','Python',1,''),(130,'2008-08-22 08:58:34',1,11,'19','pydoc the python documentation tool',1,''),(131,'2008-08-22 09:00:38',1,11,'19','pydoc the python documentation tool',2,'Changed contenido.'),(132,'2008-08-22 17:09:09',1,11,'19','pydoc the python documentation tool',2,'Changed contenido.'),(133,'2008-08-22 17:10:19',1,11,'19','pydoc the python documentation tool',2,'Changed contenido.'),(134,'2008-08-22 21:19:59',1,11,'20','python break the switch paradigm',1,''),(135,'2008-08-22 21:20:49',1,11,'20','python break the switch paradigm',2,'Changed contenido.'),(136,'2008-08-22 21:21:07',1,11,'20','python break the switch paradigm',2,'Changed contenido.'),(137,'2008-08-22 21:22:11',1,11,'20','python break the switch paradigm',2,'Changed contenido.'),(138,'2008-08-22 21:22:55',1,11,'20','python break the switch paradigm',2,'Changed contenido.'),(139,'2008-08-22 21:28:53',1,11,'20','python break the switch paradigm',2,'Changed contenido.'),(140,'2008-08-25 05:07:30',1,11,'21','foresight stand on linux expo',1,''),(141,'2008-08-26 07:03:08',1,11,'22','test',1,''),(142,'2008-08-26 07:07:48',1,11,'22','test',2,'Changed fecha.'),(143,'2008-08-26 08:03:24',1,11,'None','test',3,''),(144,'2008-08-26 08:03:40',1,11,'23','Test 2',1,''),(145,'2008-08-26 08:05:28',1,11,'23','Test 2',2,'Changed fecha.'),(146,'2008-08-26 08:05:53',1,11,'None','Test 2',3,''),(147,'2008-08-26 08:13:26',1,19,'None','entrada',3,''),(148,'2008-08-26 08:13:31',1,19,'None','pownce note',3,''),(149,'2008-08-26 08:13:36',1,19,'None','pownce note',3,''),(150,'2008-08-26 08:25:28',1,11,'24','Pownce and django',1,''),(151,'2008-08-26 08:27:24',1,11,'24','Pownce and django',2,'Changed contenido.'),(152,'2008-08-26 08:27:30',1,11,'24','Pownce and django',2,'Changed fecha.'),(153,'2008-08-26 08:36:04',1,11,'24','Pownce and django',2,'Changed contenido.'),(154,'2008-08-26 08:44:13',1,11,'24','Pownce and django',2,'Changed contenido.'),(155,'2008-08-26 08:46:03',1,11,'24','Pownce and django',2,'Changed contenido.'),(156,'2008-08-26 08:47:05',1,11,'24','Pownce and django',2,'Changed contenido.'),(157,'2008-08-26 08:53:36',1,11,'24','Pownce and django',2,'Changed contenido.'),(158,'2008-08-26 08:55:20',1,11,'24','Pownce and django',2,'Changed contenido.'),(159,'2008-08-27 18:44:54',1,11,'25','seen youtube videos with mplayer',1,''),(160,'2008-08-27 18:45:29',1,11,'25','seen youtube videos with mplayer',2,'Changed contenido.'),(161,'2008-08-27 18:46:17',1,11,'25','seen youtube videos with mplayer',2,'Changed contenido.'),(162,'2008-08-27 18:46:54',1,11,'25','seen youtube videos with mplayer',2,'Changed contenido.'),(163,'2008-08-27 18:47:42',1,11,'25','seen youtube videos with mplayer',2,'Changed contenido.'),(164,'2008-08-27 18:48:14',1,11,'25','seen youtube videos with mplayer',2,'Changed contenido.'),(165,'2008-08-27 22:29:26',1,13,'13','DjangoSites',1,''),(166,'2008-08-28 18:17:28',1,11,'26','Droopy and Woof',1,''),(167,'2008-08-28 18:17:55',1,11,'26','Droopy and Woof',2,'Changed contenido.'),(168,'2008-08-28 18:18:05',1,11,'26','Droopy and Woof',2,'Changed contenido.'),(169,'2008-08-28 18:18:28',1,11,'26','Droopy and Woof',2,'Changed contenido.'),(170,'2008-08-28 18:21:41',1,11,'26','Droopy and Woof',2,'Changed contenido.'),(171,'2008-08-28 18:22:30',1,11,'26','Droopy and Woof',2,'Changed contenido.'),(172,'2008-08-28 18:23:03',1,11,'26','Droopy and Woof',2,'Changed contenido.'),(173,'2008-08-28 18:25:08',1,11,'26','Droopy and Woof',2,'Changed contenido.'),(174,'2008-08-28 18:25:35',1,11,'26','Droopy and Woof',2,'Changed contenido.'),(175,'2008-08-28 18:27:00',1,11,'26','Droopy and Woof',2,'Changed contenido.'),(176,'2008-08-28 18:37:06',1,11,'26','Droopy and Woof',2,'Changed contenido and categoria.'),(177,'2008-08-30 06:27:35',1,8,'1','/about/ -- About Me',2,'Changed content.'),(178,'2008-08-30 06:29:36',1,8,'1','/about/ -- About Me',2,'Changed content.'),(179,'2008-08-30 06:30:30',1,8,'1','/about/ -- About Me',2,'Changed content.'),(180,'2008-08-30 06:32:36',1,8,'1','/about/ -- About Me',2,'Changed content.'),(181,'2008-08-30 06:35:13',1,8,'1','/about/ -- About Me',2,'Changed content.'),(182,'2008-08-30 06:35:49',1,8,'1','/Conferences/ -- Conferences - Español',2,'Changed url, title and content.'),(183,'2008-08-30 06:36:23',1,8,'2','/about/ -- About ME',1,''),(184,'2008-08-30 06:36:38',1,8,'1','/conferences/ -- Conferences - Español',2,'Changed url.'),(185,'2008-08-30 06:39:35',1,8,'2','/about/ -- About ME',2,'Changed content.'),(186,'2008-08-30 06:40:38',1,8,'2','/about/ -- About ME',2,'Changed content.'),(187,'2008-08-30 06:40:53',1,8,'1','/conferencias/ -- Conferencias',2,'Changed url and title.'),(188,'2008-09-01 05:41:45',1,11,'27','Django with twitter status',1,''),(189,'2008-09-01 05:44:37',1,11,'27','Django with twitter status',2,'Changed contenido.'),(190,'2008-09-01 05:44:58',1,11,'27','Django with twitter status',2,'Changed contenido.'),(191,'2008-09-01 05:47:49',1,11,'27','Django with twitter status',2,'Changed categoria.'),(192,'2008-09-01 20:48:59',1,11,'28','foresight warning',1,''),(193,'2008-09-01 21:11:47',1,11,'28','foresight warning',2,'Changed contenido.'),(194,'2008-09-01 21:13:12',1,11,'28','foresight warning',2,'Changed contenido.'),(195,'2008-09-01 21:25:37',1,8,'2','/about/ -- About ME',2,'Changed content.'),(196,'2008-09-01 21:31:27',1,8,'2','/about/ -- About ME',2,'Changed content.'),(197,'2008-09-01 21:32:30',1,8,'2','/about/ -- About ME',2,'Changed content.'),(198,'2008-09-02 07:33:39',1,11,'29','foresight with xfce 4',1,''),(199,'2008-09-02 07:34:43',1,11,'29','foresight with xfce 4',2,'Changed contenido.'),(200,'2008-09-02 07:43:06',1,11,'29','foresight with xfce 4',2,'Changed contenido.'),(201,'2008-09-02 07:49:39',1,11,'29','foresight with xfce 4',2,'No fields changed.'),(202,'2008-09-02 08:00:03',1,11,'29','foresight with xfce 4',2,'Changed contenido.'),(203,'2008-09-02 08:05:22',1,11,'29','foresight with xfce 4',2,'Changed contenido.'),(204,'2008-09-02 08:06:34',1,11,'29','foresight with xfce 4',2,'Changed contenido.'),(205,'2008-09-02 08:08:28',1,11,'29','foresight with xfce 4',2,'Changed contenido.'),(206,'2008-09-03 08:29:58',1,11,'30','enli and gulev ',1,''),(207,'2008-09-03 08:30:44',1,11,'30','enli and gulev ',2,'Changed contenido.'),(208,'2008-09-03 08:36:22',1,11,'30','enli and gulev ',2,'No fields changed.'),(209,'2008-09-03 23:00:45',1,11,'31','liferea now will support pownce',1,''),(210,'2008-09-04 05:35:45',1,11,'31','liferea now will support pownce',2,'Changed contenido.'),(211,'2008-09-05 05:56:44',1,11,'32','django site on one file (like web.py style) ',1,''),(212,'2008-09-05 05:57:18',1,11,'32','django site on one file (like web.py style) ',2,'Changed contenido.'),(213,'2008-09-07 02:20:49',1,8,'2','/about/ -- About ME',2,'Changed content.'),(214,'2008-09-07 02:21:02',1,8,'2','/about/ -- About ME',2,'No fields changed.'),(215,'2008-09-07 02:28:39',1,8,'2','/about/ -- About ME',2,'Changed content.'),(216,'2008-09-07 02:29:17',1,8,'2','/about/ -- About ME',2,'Changed content.'),(217,'2008-09-07 02:30:28',1,8,'2','/about/ -- About ME',2,'Changed content.'),(218,'2008-09-08 19:53:52',1,11,'33','FL-1153 Nicotine-plus',1,''),(219,'2008-09-08 19:54:59',1,11,'33','FL-1153 Nicotine-plus',2,'Changed contenido.'),(220,'2008-09-08 19:56:06',1,11,'33','FL-1153 Nicotine-plus',2,'Changed contenido.'),(221,'2008-09-08 19:57:09',1,11,'33','FL-1153 Nicotine-plus',2,'Changed contenido.'),(222,'2008-09-08 20:01:35',1,11,'33','FL-1153 Nicotine-plus',2,'Changed contenido and categoria.'),(223,'2008-09-08 20:02:32',1,11,'33','FL-1153 Nicotine-plus',2,'Changed contenido.'),(224,'2008-09-08 20:04:33',1,11,'33','FL-1153 Nicotine-plus',2,'Changed contenido.'),(225,'2008-09-08 20:05:41',1,11,'33','FL-1153 Nicotine-plus',2,'Changed contenido.'),(226,'2008-09-08 20:06:31',1,11,'33','FL-1153 Nicotine-plus',2,'Changed contenido.'),(227,'2008-09-08 20:10:16',1,11,'33','FL-1153 Nicotine-plus',2,'Changed contenido.'),(228,'2008-09-08 20:28:14',1,13,'14','Revista SL',1,''),(229,'2008-09-08 20:29:07',1,8,'2','/about/ -- About ME',2,'Changed content.'),(230,'2008-09-08 20:50:23',1,10,'8','Works on my machine',1,''),(231,'2008-09-08 20:50:42',1,11,'34','aaaaa',1,''),(232,'2008-09-08 20:51:12',1,19,'None','entrada',3,''),(233,'2008-09-08 20:51:24',1,11,'None','aaaaa',3,''),(234,'2008-09-08 20:52:55',1,11,'33','FL-1153 Nicotine-plus',2,'Changed categoria.'),(235,'2008-09-08 23:16:15',1,11,'33','FL-1153 Nicotine-plus',2,'Changed contenido.'),(236,'2008-09-12 04:07:04',1,11,'35','Yo soy Chiapas the video',1,''),(237,'2008-09-12 04:24:19',1,11,'35','Yo soy Chiapas the video',2,'Changed contenido.'),(238,'2008-09-12 17:00:49',1,11,'35','Yo soy Chiapas the video',2,'Changed contenido.'),(239,'2008-09-14 01:26:08',1,11,'36','Im foresight developer',1,''),(240,'2008-09-14 06:35:37',1,11,'37','Foresight mobile edition',1,''),(241,'2008-09-15 19:13:28',1,11,'38','Yucatan the video',1,''),(242,'2008-09-17 05:52:24',1,8,'3','/flames/ -- My flames of my english',1,''),(243,'2008-09-17 05:52:44',1,8,'3','/flames/ -- Flames of my english',2,'Changed title.'),(244,'2008-09-17 05:54:37',1,8,'2','/about/ -- About ME',2,'Changed content.'),(245,'2008-09-17 05:54:47',1,8,'2','/about/ -- About ME',2,'Changed content.'),(246,'2008-09-17 05:55:20',1,8,'2','/about/ -- About ME',2,'Changed content.'),(247,'2008-09-17 05:59:29',1,11,'39','flames im loved',1,''),(248,'2008-09-17 06:00:39',1,11,'39','flames im loved',2,'Changed contenido and categoria.'),(249,'2008-09-17 06:01:28',1,11,'39','flames im loved',2,'Changed contenido.'),(250,'2008-09-17 06:01:54',1,11,'39','flames im loved',2,'Changed contenido.'),(251,'2008-09-18 15:43:55',1,11,'40','Foresight Kids editions',1,''),(252,'2008-09-18 15:44:38',1,11,'40','Foresight Kids editions',2,'Changed contenido.'),(253,'2008-09-18 15:46:33',1,11,'40','Foresight Kids editions',2,'Changed contenido.'),(254,'2008-09-18 15:47:36',1,11,'40','Foresight Kids editions',2,'Changed contenido.'),(255,'2008-09-18 15:48:19',1,11,'40','Foresight Kids editions',2,'Changed contenido.'),(256,'2008-09-18 15:51:44',1,11,'40','Foresight Kids editions',2,'Changed contenido.'),(257,'2008-09-18 15:52:36',1,11,'40','Foresight Kids editions',2,'Changed contenido.'),(258,'2008-09-18 15:56:32',1,11,'40','Foresight Kids editions',2,'Changed contenido.'),(259,'2008-09-18 16:11:37',1,11,'40','Foresight Kids editions',2,'Changed contenido.'),(260,'2008-09-18 16:14:55',1,11,'40','Foresight Kids editions',2,'No fields changed.'),(261,'2008-09-18 16:37:49',1,11,'40','Foresight Kids edition',2,'Changed titulo and contenido.'),(262,'2008-09-18 19:48:24',1,8,'2','/about/ -- About ME',2,'Changed content.'),(263,'2008-09-18 22:48:26',1,11,'41','RMS on Yucatan',1,''),(264,'2008-09-22 04:16:58',1,11,'42','Foresight tips for build',1,''),(265,'2008-09-22 04:17:12',1,11,'42','Foresight tips for build',2,'Changed contenido.'),(266,'2008-09-22 04:17:45',1,11,'42','Foresight tips for build part 1',2,'Changed titulo.'),(267,'2008-09-22 04:18:19',1,11,'42','Foresight tips for build part 1',2,'Changed contenido.'),(268,'2008-09-23 04:12:00',1,8,'1','/conferencias/ -- Conferencias',2,'Changed content.'),(269,'2008-09-23 04:12:15',1,8,'1','/conferencias/ -- Conferencias',2,'Changed content.'),(270,'2008-09-24 17:10:47',1,8,'1','/conferencias/ -- Conferencias',2,'Changed content.'),(271,'2008-09-24 17:12:38',1,8,'1','/conferencias/ -- Conferencias',2,'Changed content.'),(272,'2008-09-24 17:14:31',1,8,'1','/conferencias/ -- Conferencias',2,'Changed content.'),(273,'2008-09-24 17:17:18',1,8,'1','/conferencias/ -- Conferencias',2,'Changed content.'),(274,'2008-09-24 22:05:03',1,11,'43','webcam meme',1,''),(275,'2008-09-24 22:05:39',1,11,'43','webcam meme',2,'Changed contenido.'),(276,'2008-09-27 19:20:51',1,11,'44','25th years ago ...',1,''),(277,'2008-09-29 08:02:09',1,11,'45','Foresight linux on Simpositi',1,''),(278,'2008-10-06 16:57:29',1,11,'46','Simpositi its over',1,''),(279,'2008-10-06 16:58:26',1,11,'46','Simpositi its over',2,'Changed contenido.'),(280,'2008-10-08 04:41:27',1,11,'47','Very very usefull django tips',1,''),(281,'2008-10-08 20:55:52',1,11,'48','check your battery live',1,''),(282,'2008-10-08 20:56:30',1,11,'48','check your battery live',2,'Changed contenido.'),(283,'2008-10-08 20:57:28',1,11,'48','check your battery live',2,'Changed contenido.'),(284,'2008-10-08 21:46:05',1,11,'49','pidgin with silc support',1,''),(285,'2008-10-08 21:46:38',1,11,'49','pidgin with silc support',2,'Changed contenido.'),(286,'2008-10-08 21:46:46',1,11,'49','pidgin with silc support',2,'Changed categoria.'),(287,'2008-10-09 00:03:25',1,11,'50','Adobe Air on Foresight',1,''),(288,'2008-10-09 00:04:10',1,11,'50','Adobe Air on Foresight',2,'Changed contenido.'),(289,'2008-10-09 19:21:03',1,10,'9','Foresight Tip',1,''),(290,'2008-10-09 19:21:09',1,11,'51','What packages its not on foresight installed ?',1,''),(291,'2008-10-13 21:47:04',1,11,'52','foresight haves OpenOffice 3.0',1,''),(292,'2008-10-13 21:47:37',1,11,'52','foresight haves OpenOffice 3.0',2,'Changed contenido.'),(293,'2008-10-14 06:54:32',1,11,'53','Small review of foresight mobile version [ESP]',1,''),(294,'2008-10-14 06:56:24',1,11,'53','Small review of foresight mobile version [ESP]',2,'Changed contenido.'),(295,'2008-10-16 05:50:54',1,11,'54','Linux cluster on office gabinete',1,''),(296,'2008-10-16 05:52:13',1,14,'None','Entrada: check your battery live by asdf <asdf@hotmail.com> ',3,''),(297,'2008-10-16 05:52:19',1,14,'None','Entrada: check your battery live by asdf <asdf@hotmail.com> ',3,''),(298,'2008-10-16 05:52:27',1,14,'None','Entrada: 25th years ago ... by Billy <billy@billy.com.mx> ',3,''),(299,'2008-10-16 05:52:36',1,14,'None','Entrada: flames im loved by David Valdez <david.valdez210@gmail.com> ',3,''),(300,'2008-10-17 16:37:20',1,11,'52','foresight has OpenOffice 3.0',2,'Changed titulo, contenido and slug.'),(301,'2008-10-17 20:42:14',1,11,'55','im pass my grade test',1,''),(302,'2008-10-18 05:23:10',1,11,'55','im pass grade test',2,'Changed titulo and slug.'),(303,'2008-10-20 04:30:26',1,11,'56','Foresight release 2.0.5',1,''),(304,'2008-10-20 04:31:40',1,11,'56','Foresight release 2.0.5',2,'Changed contenido.'),(305,'2008-10-20 04:53:27',1,11,'56','Foresight release 2.0.5',2,'Changed contenido.'),(306,'2008-10-20 04:58:42',1,11,'56','Foresight release 2.0.5',2,'Changed contenido.'),(307,'2008-10-20 05:07:45',1,11,'56','Foresight release 2.0.5',2,'Changed contenido.'),(308,'2008-10-21 06:22:10',1,8,'1','/conferencias/ -- Conferencias',2,'Changed content.'),(309,'2008-10-22 13:48:56',1,8,'1','/conferencias/ -- Conferencias',2,'Changed content.'),(310,'2008-10-23 17:36:29',1,12,'5','ENLI',1,''),(311,'2008-10-23 17:37:03',1,13,'15','SItio web de enli',1,''),(312,'2008-10-23 17:37:47',1,13,'None','SItio web de enli',3,''),(313,'2008-11-01 07:48:48',1,11,'57','the ENLI end.....',1,''),(314,'2008-11-01 09:19:03',1,11,'57','the ENLI end.....',2,'Changed contenido and categoria.'),(315,'2008-11-01 09:21:33',1,11,'57','the ENLI end.....',2,'Changed contenido.'),(316,'2008-11-01 09:23:31',1,11,'57','the ENLI end.....',2,'Changed contenido.'),(317,'2008-11-01 09:24:31',1,11,'57','the ENLI end.....',2,'Changed contenido.'),(318,'2008-11-01 09:25:12',1,11,'57','the ENLI end.....',2,'Changed contenido.'),(319,'2008-11-01 09:25:29',1,11,'57','the ENLI end.....',2,'Changed contenido.'),(320,'2008-11-01 09:26:11',1,11,'57','the ENLI end.....',2,'Changed contenido.'),(321,'2008-11-01 09:27:53',1,11,'57','the ENLI end.....',2,'Changed contenido.'),(322,'2008-11-01 09:28:40',1,11,'57','the ENLI end.....',2,'Changed contenido.'),(323,'2008-11-01 20:10:24',1,11,'58','xfce 4.6 Fuzzy',1,''),(324,'2008-11-01 20:11:33',1,11,'58','xfce 4.6 Fuzzy',2,'Changed contenido and categoria.'),(325,'2008-11-01 20:12:01',1,11,'58','xfce 4.6 Fuzzy',2,'No fields changed.'),(326,'2008-11-01 20:12:43',1,11,'58','xfce 4.6 Fuzzy',2,'Changed contenido.'),(327,'2008-11-01 20:18:58',1,11,'58','xfce 4.6 Fuzzy',2,'Changed contenido.'),(328,'2008-11-03 07:56:31',1,11,'59','transmission Bittorrent Software',1,''),(329,'2008-11-03 07:57:52',1,11,'59','transmission Bittorrent Software',2,'Changed contenido.'),(330,'2008-11-03 07:58:50',1,11,'59','transmission Bittorrent Software',2,'Changed contenido.'),(331,'2008-11-03 08:05:09',1,11,'59','transmission Bittorrent Software',2,'Changed contenido.'),(332,'2008-11-03 08:06:01',1,11,'59','transmission Bittorrent Software with webinterface',2,'Changed titulo and slug.'),(333,'2008-11-03 08:06:41',1,11,'59','transmission Bittorrent Software with webinterface',2,'Changed contenido.'),(334,'2008-11-03 08:07:40',1,11,'59','transmission Bittorrent Software with webinterface',2,'No fields changed.'),(335,'2008-11-03 23:22:20',1,7,'1','vampirito.com.mx',2,'Changed domain and name.'),(336,'2008-11-06 04:02:17',1,11,'60','High Priority on free Software',1,''),(337,'2008-11-07 08:57:39',1,11,'61','Packagekit improvement part 1',1,''),(338,'2008-11-13 04:57:38',1,8,'1','/conferencias/ -- Conferencias',2,'Changed content.'),(339,'2008-11-13 04:58:14',1,8,'1','/conferencias/ -- Conferencias',2,'Changed content.'),(340,'2008-11-13 04:58:31',1,8,'1','/conferencias/ -- Conferencias',2,'Changed content.'),(341,'2008-11-14 08:20:18',1,11,'62','juaking kernel with a palito',1,''),(342,'2008-11-14 08:20:59',1,11,'62','juaking kernel with a palito',2,'Changed contenido.'),(343,'2008-11-14 08:53:55',1,11,'63','banshee 1.4.0.1',1,''),(344,'2008-11-15 21:59:16',1,11,'62','juaking kernel with a palito',2,'Changed contenido.'),(345,'2008-11-15 22:16:30',1,10,'10','Packagekit',1,''),(346,'2008-11-15 22:16:40',1,11,'64','Packagekit improvements  and new Job',1,''),(347,'2008-11-18 07:58:25',1,11,'65','PackageKit now is FIXED',1,''),(348,'2008-11-18 08:01:15',1,11,'65','PackageKit now is FIXED',2,'Changed contenido.'),(349,'2008-11-18 08:02:55',1,11,'65','PackageKit now is FIXED',2,'Changed contenido.'),(350,'2008-11-18 08:04:41',1,11,'65','PackageKit now is FIXED',2,'Changed contenido.'),(351,'2008-11-18 08:05:08',1,11,'65','PackageKit now is FIXED',2,'Changed contenido.'),(352,'2008-11-18 08:06:16',1,11,'65','PackageKit now is FIXED',2,'No fields changed.'),(353,'2008-11-18 08:09:48',1,11,'65','PackageKit now is FIXED',2,'Changed contenido.'),(354,'2008-11-18 08:12:11',1,11,'65','PackageKit now is FIXED',2,'Changed contenido.'),(355,'2008-11-18 17:07:29',1,11,'65','PackageKit now is FIXED',2,'Changed contenido.'),(356,'2008-11-19 06:17:17',1,11,'66','packagekit tip',1,''),(357,'2008-11-19 06:19:27',1,11,'66','packagekit tip',2,'Changed contenido.'),(358,'2008-11-19 06:20:21',1,11,'66','packagekit tip',2,'Changed contenido and categoria.'),(359,'2008-12-03 17:17:51',1,11,'67','my laptop',1,''),(360,'2008-12-03 17:18:59',1,11,'67','my laptop',2,'Changed contenido.'),(361,'2008-12-04 23:19:17',1,11,'68','Foresight linux ha a Ovatio Award',1,''),(362,'2008-12-04 23:19:34',1,11,'68','Foresight linux has a Ovatio Award',2,'Changed titulo and slug.'),(363,'2008-12-05 16:31:41',1,11,'69','Hector Leal (etosh) interview at soft-tzalan',1,''),(364,'2008-12-05 16:32:01',1,11,'69','Hector Leal (etosh) interview at soft-tzalan',2,'Changed contenido.'),(365,'2008-12-05 16:33:09',1,11,'69','Hector Leal (etosh) interview at soft-tzalan',2,'Changed contenido.'),(366,'2008-12-05 22:50:14',1,11,'70','clases para empaquetar software para foresight',1,''),(367,'2008-12-05 22:50:53',1,11,'70','clases para empaquetar software en foresight',2,'Changed titulo.'),(368,'2008-12-05 22:55:46',1,11,'70','clases para empaquetar software en foresight',2,'Changed contenido.'),(369,'2008-12-05 22:56:21',1,11,'70','clases para empaquetar software en foresight',2,'Changed contenido.'),(370,'2008-12-08 22:11:36',1,11,'69','Hector Leal (etosh) interview at soft-tzalan',2,'Changed contenido.'),(371,'2008-12-15 06:15:20',1,11,'70','clases para empaquetar software en foresight',2,'Changed contenido.'),(372,'2008-12-19 06:22:13',1,11,'71','why foresight use python 2.4 ?',1,''),(373,'2008-12-19 22:50:16',1,10,'11','Music',1,''),(374,'2008-12-19 22:50:32',1,11,'74','este programa ha efectuado una operacion no valida y se cerrara, si el problema persiste consulte...',1,''),(375,'2008-12-19 22:51:21',1,11,'None','este programa ha efectuado una operacion no valida y se cerrara, si el problema persiste consulte co',3,''),(376,'2008-12-19 22:51:27',1,11,'None','este programa ha efectuado una operacion no valida y se cerrara, si el problema persiste consulte...',3,''),(377,'2008-12-19 22:51:51',1,11,'74','este programa ha efectuado una operacion no valida y se cerrara, si el problema persiste consulte...',2,'Changed contenido.'),(378,'2008-12-20 00:55:55',1,11,'75','Epson TM-T88IV works on linux',1,''),(379,'2008-12-20 01:16:26',1,11,'75','Epson TM-T88IV works on linux',2,'Changed contenido.'),(380,'2008-12-20 01:17:19',1,11,'75','Epson TM-T88IV works on linux',2,'Changed contenido.'),(381,'2008-12-28 03:40:43',1,11,'76','tesis en diseño en theme de gtk',1,''),(382,'2008-12-28 04:03:08',1,10,'12','gnome',1,''),(383,'2008-12-28 04:03:14',1,11,'76','tesis de diseño en theme de gtk',2,'Changed titulo, slug and categoria.'),(384,'2008-12-28 04:46:59',1,11,'76','tesis de diseño en theme de gtk',2,'Changed contenido.'),(385,'2009-01-04 18:34:49',1,10,'13','vim',1,''),(386,'2009-01-04 18:35:34',1,11,'77','paste in vim',1,''),(387,'2009-01-08 20:11:06',1,11,'78','django-meteora',1,''),(388,'2009-01-08 21:50:25',1,11,'78','django-meteora',2,'Changed contenido.'),(389,'2009-01-08 21:52:03',1,11,'78','django-meteora',2,'Changed contenido.'),(390,'2009-01-14 00:30:50',1,11,'79','Fabric a pythonic tool for deployment',1,''),(391,'2009-01-14 00:31:33',1,11,'79','Fabric a pythonic tool for deployment',2,'Changed contenido.'),(392,'2009-01-14 00:32:01',1,11,'79','Fabric a pythonic tool for deployment',2,'Changed contenido.'),(393,'2009-01-14 00:37:00',1,11,'79','Fabric a pythonic tool for deployment',2,'Changed contenido.'),(394,'2009-01-14 00:37:23',1,11,'79','Fabric a pythonic tool for deployment',2,'Changed contenido.'),(395,'2009-01-14 00:38:02',1,11,'79','Fabric a pythonic tool for deployment',2,'Changed contenido.'),(396,'2009-01-14 00:40:01',1,11,'79','Fabric a pythonic tool for deployment',2,'Changed contenido.'),(397,'2009-01-14 00:41:01',1,11,'79','Fabric a pythonic tool for deployment',2,'Changed contenido.'),(398,'2009-01-20 18:50:48',1,11,'80','stream/share music video to xbox360 and ps3',1,''),(399,'2009-01-22 20:34:33',1,11,'81','match url /foo/2009-01-01/',1,''),(400,'2009-01-22 22:01:02',1,11,'82','anti-piratas',1,''),(401,'2009-01-26 19:04:28',1,11,'83','pyExcelerator making xls files with python',1,''),(402,'2009-01-26 19:22:28',1,11,'83','pyExcelerator making xls files with python',2,'Changed contenido.'),(403,'2009-01-29 18:46:32',1,11,'84','guess what programm language  control this robots',1,''),(404,'2009-01-29 18:48:22',1,11,'84','guess what programe language  control this robots',2,'Changed titulo and slug.'),(405,'2009-01-30 17:37:19',1,11,'85','kde4.2 on foresightlinux',1,''),(406,'2009-01-30 17:38:53',1,11,'85','kde4.2 on foresightlinux',2,'Changed contenido.'),(407,'2009-01-30 18:41:42',1,11,'85','kde4.2 on foresightlinux',2,'Changed contenido.'),(408,'2009-02-01 17:54:47',1,11,'84','guess what programming language  control this robots',2,'Changed titulo and slug.'),(409,'2009-02-02 07:49:02',1,11,'86','playing with conary public api',1,''),(410,'2009-02-02 07:49:17',1,11,'86','playing with conary public api',2,'Changed categoria.'),(411,'2009-02-02 07:49:42',1,11,'86','playing with conary public api',2,'Changed contenido.'),(412,'2009-02-02 07:49:56',1,11,'86','playing with conary public api',2,'Changed contenido.'),(413,'2009-02-02 07:50:35',1,11,'86','playing with conary public api',2,'Changed contenido.'),(414,'2009-02-02 07:50:59',1,11,'86','playing with conary public api',2,'Changed contenido.'),(415,'2009-02-02 07:52:20',1,11,'86','playing with conary public api',2,'Changed contenido.'),(416,'2009-02-04 05:20:00',1,11,'87','conarylib using the conary public api',1,''),(417,'2009-02-04 05:20:42',1,11,'87','conarylib using the conary public api',2,'Changed contenido.'),(418,'2009-02-04 05:20:54',1,11,'87','conarylib using the conary public api',2,'Changed contenido.'),(419,'2009-02-05 08:29:34',1,10,'14','Conary',1,''),(420,'2009-02-05 08:29:43',1,11,'88','conary api update a app with conary-lib',1,''),(421,'2009-02-05 08:30:55',1,11,'88','conary api update a app with conary-lib',2,'Changed contenido.'),(422,'2009-02-05 08:31:16',1,11,'88','conary api update a app with conary-lib',2,'Changed contenido.'),(423,'2009-02-05 08:34:23',1,11,'88','conary api update a app with conary-lib',2,'Changed contenido.'),(424,'2009-02-05 08:35:21',1,11,'88','conary api update a app with conary-lib',2,'Changed contenido.'),(425,'2009-02-05 08:36:13',1,11,'88','conary api update a app with conary-lib',2,'Changed contenido.'),(426,'2009-02-05 08:38:56',1,11,'88','conary api update a app with conary-lib',2,'Changed contenido.'),(427,'2009-02-05 08:40:09',1,11,'88','conary api update a app with conary-lib',2,'Changed contenido.'),(428,'2009-02-05 08:42:19',1,11,'88','conary api update a app with conary-lib',2,'Changed contenido.'),(429,'2009-02-05 08:46:11',1,11,'88','conary api update a app with conary-lib',2,'Changed contenido.'),(430,'2009-02-05 08:47:22',1,11,'88','conary api update a app with conary-lib',2,'Changed contenido.'),(431,'2009-02-05 08:47:44',1,11,'88','conary api update a app with conary-lib',2,'Changed contenido.'),(432,'2009-02-05 08:48:08',1,11,'88','conary api update a app with conary-lib',2,'Changed contenido.'),(433,'2009-02-05 08:50:49',1,11,'88','Update a app with conary-lib',2,'Changed titulo.'),(434,'2009-02-09 07:08:47',1,11,'89','conary-lib update and PackageKit hacking',1,''),(435,'2009-02-09 07:09:22',1,11,'89','conary-lib update and PackageKit hacking',2,'Changed contenido.'),(436,'2009-02-09 07:10:11',1,11,'89','conary-lib update and PackageKit hacking',2,'Changed contenido.'),(437,'2009-02-09 07:54:33',1,11,'89','conary-lib update and PackageKit hacking',2,'Changed contenido.'),(438,'2009-02-23 17:41:09',1,11,'90','PackageKit Release 4.4',1,''),(439,'2009-02-23 17:42:26',1,11,'90','PackageKit Release 4.4',2,'Changed contenido.'),(440,'2009-02-23 17:43:41',1,11,'90','PackageKit Release 4.4',2,'Changed contenido.'),(441,'2009-02-23 17:45:18',1,11,'90','PackageKit Release 4.4',2,'Changed contenido.'),(442,'2009-02-27 08:01:49',1,11,'91','enlightenment on foresight',1,''),(443,'2009-02-28 00:54:47',1,11,'92','saint seiya the anime .. im loved!',1,''),(444,'2009-03-06 08:37:21',1,11,'93','notify-osd on foresightlinux',1,''),(445,'2009-03-06 08:37:44',1,11,'93','notify-osd on foresightlinux',2,'Changed contenido.'),(446,'2009-03-06 08:38:23',1,11,'93','notify-osd on foresightlinux',2,'Changed contenido.'),(447,'2009-03-06 08:39:52',1,11,'93','notify-osd on foresightlinux',2,'Changed contenido.'),(448,'2009-03-07 08:56:31',1,11,'94','imageshack.us client with python powers',1,''),(449,'2009-03-07 08:57:37',1,11,'94','imageshack.us client with python powers',2,'Changed contenido.'),(450,'2009-03-07 09:02:31',1,11,'94','imageshack.us client with python powers',2,'Changed contenido.'),(451,'2009-03-09 06:39:11',1,11,'95','vim python support on foresight',1,''),(452,'2009-03-09 06:41:29',1,11,'95','vim python support on foresight',2,'Changed contenido.'),(453,'2009-03-09 20:56:02',1,11,'96','easygui a module for make easy dialogs with Tk',1,''),(454,'2009-03-09 20:56:21',1,11,'96','easygui a module for make easy dialogs with Tk',2,'Changed contenido.'),(455,'2009-03-09 20:57:46',1,11,'96','easygui a module for make easy dialogs with Tk',2,'Changed contenido.'),(456,'2009-03-09 20:59:18',1,11,'96','easygui a module for make easy dialogs with Tk',2,'Changed contenido.'),(457,'2009-03-09 20:59:37',1,11,'96','easygui a module for make easy dialogs with Tk',2,'Changed contenido.'),(458,'2009-03-09 20:59:52',1,11,'96','easygui a module for make easy dialogs with Tk',2,'Changed contenido.'),(459,'2009-03-09 21:01:19',1,11,'96','easygui a module for make easy dialogs with Tk',2,'Changed contenido.'),(460,'2009-03-10 08:54:50',1,11,'97','xfce 4.6 on foresight linux',1,''),(461,'2009-03-10 09:13:38',1,11,'98','saint seiya Rocks!!',1,''),(462,'2009-03-11 21:10:26',1,11,'99','How populate my app Metadata for show on packagekit',1,''),(463,'2009-03-11 21:11:15',1,11,'99','How populate my app Metadata for show on packagekit',2,'Changed contenido.'),(464,'2009-03-11 21:12:11',1,11,'99','How populate my app Metadata for show on packagekit',2,'Changed contenido.'),(465,'2009-03-11 21:12:57',1,11,'99','How populate my app Metadata for show on packagekit',2,'Changed contenido.'),(466,'2009-03-11 21:13:05',1,11,'99','How populate my app Metadata for show on packagekit',2,'Changed contenido.'),(467,'2009-03-11 21:13:42',1,11,'99','How populate my app Metadata for show on packagekit',2,'Changed contenido.'),(468,'2009-03-12 03:49:49',1,11,'89','conary-lib update and PackageKit hacking',2,'Changed contenido.'),(469,'2009-03-13 21:19:03',1,11,'100','firefox maya locale',1,''),(470,'2009-03-17 07:15:30',1,11,'101','the openletter to foresightlinux',1,''),(471,'2009-03-17 22:19:37',1,8,'3','/flames/ -- Flames of my english',2,'Changed content.');
UNLOCK TABLES;
/*!40000 ALTER TABLE `django_admin_log` ENABLE KEYS */;

--
-- Table structure for table `django_content_type`
--

DROP TABLE IF EXISTS `django_content_type`;
CREATE TABLE `django_content_type` (
  `id` int(11) NOT NULL auto_increment,
  `name` varchar(100) NOT NULL,
  `app_label` varchar(100) NOT NULL,
  `model` varchar(100) NOT NULL,
  PRIMARY KEY  (`id`),
  UNIQUE KEY `app_label` (`app_label`,`model`)
) ENGINE=MyISAM DEFAULT CHARSET=utf8;

--
-- Dumping data for table `django_content_type`
--


/*!40000 ALTER TABLE `django_content_type` DISABLE KEYS */;
LOCK TABLES `django_content_type` WRITE;
INSERT INTO `django_content_type` VALUES (1,'permission','auth','permission'),(2,'group','auth','group'),(3,'user','auth','user'),(4,'message','auth','message'),(5,'content type','contenttypes','contenttype'),(6,'session','sessions','session'),(7,'site','sites','site'),(8,'flat page','flatpages','flatpage'),(9,'log entry','admin','logentry'),(10,'categoria','blog','categoria'),(11,'entrada','blog','entrada'),(12,'tipo','links','tipo'),(13,'link','links','link'),(14,'comment','zodycomments','comment'),(15,'pownce note','zodynetwork','powncenote'),(16,'pownce link','zodynetwork','powncelink'),(17,'pownce file','zodynetwork','powncefile'),(18,'pownce event','zodynetwork','pownceevent'),(19,'item','tumble','item');
UNLOCK TABLES;
/*!40000 ALTER TABLE `django_content_type` ENABLE KEYS */;

--
-- Table structure for table `django_flatpage`
--

DROP TABLE IF EXISTS `django_flatpage`;
CREATE TABLE `django_flatpage` (
  `id` int(11) NOT NULL auto_increment,
  `url` varchar(100) NOT NULL,
  `title` varchar(200) NOT NULL,
  `content` longtext NOT NULL,
  `enable_comments` tinyint(1) NOT NULL,
  `template_name` varchar(70) NOT NULL,
  `registration_required` tinyint(1) NOT NULL,
  PRIMARY KEY  (`id`),
  KEY `django_flatpage_url` (`url`)
) ENGINE=MyISAM DEFAULT CHARSET=utf8;

--
-- Dumping data for table `django_flatpage`
--


/*!40000 ALTER TABLE `django_flatpage` DISABLE KEYS */;
LOCK TABLES `django_flatpage` WRITE;
INSERT INTO `django_flatpage` VALUES (1,'/conferencias/','Conferencias','Andres Bernado Vargas Rodriguez\r\n\r\nzod  at linuxmerida.org\r\nzodman at gmail.com\r\n\r\nDesarrollador de Foresight.  \r\nLic en Ciencias Computacionales de la Universidad Autonoma de Yucatan. Facultad de Matematicas.\r\n\r\n\r\nPonente en:  \r\n* Congreso de la Frontera Sur (Chetumal Qroo - 2006, 2007)  \r\n* Consol (DF, 2006 y 2007)  \r\n* Fonasol (Coatza Ver, 2007)  \r\n* ENLI (Puebla, Pue. 2007)  \r\n\r\n\r\nCOSTOS:\r\n\r\ntaller de 5 hrs $1,000 MXN  \r\nConferencia $200\r\n  \r\nConferencias\r\n=========\r\n\r\n### Foresight Linux\r\n\r\n\r\nForesight linux es una distribuición de linux relativamente nueva. Esta\r\ndistro tiene como principal atractivo su manejador de software \"conary\"\r\nque es un sistema de enpaquetamiento revolucionario. Ademas de proveer\r\nsiempre con la ultima version de gnome. Foresight esta orientado para\r\naquellas personas que no conocen mas alla de la ventana. En esta\r\nconferencia se mostrara foresightlinux, su software base, el proceso de\r\ndesarrollo, y hara una invitacion para participar,contribuir, ser\r\nmiembro y desarrollador de foresightlinux. (Propuesta para magistral).\r\n\r\n\r\n### Empaquetando software para foresight\r\n\r\nForesight linux es una distribuición de linux relativamente nueva. Esta\r\ndistro tiene como principal atractivo su manejador de software \"conary\".\r\nEsta conferencia se centra en el manejador de paquetes conary.\r\nExplicando y mostrando su estructura, manejo. Ademas se mostrara como\r\nfacilmente podemos empaquetar software para foresight linux. Esta\r\nconferencia es para las personas que quieran contribuir con el proyecto\r\ny llegar a ser desarrolladores de foresight linux.\r\n\r\n\r\n### Un servidor de hosting casero  = infinitum+gnu/linux <http://www.divshare.com/download/3650242-e43>\r\n\r\nEn esta conferencia, se muestra como configurar la red de nuestra casa\r\npara lograr montar un servidor de hosting casero, el cual podra mantener\r\nlas paginas de tus cuates. Algunos tips de seguridad, configuraciones. Y\r\nlo atractivo de la conferencia es como configurar dominios pagados, en\r\ntu servidor, evitandote el uso de una IP estatica.Esta conferencia no es\r\nun howto instalar apache/php/mysq/ftp, si no mas bien como saber como\r\nfuncionan en conjunto, con el servidor, y saber administrarlo.\r\n\r\n\r\n###Pimp my cel con SL   \r\n- OLD http://www.divshare.com/download/3650240-492\r\n- NEW https://dl.getdropbox.com/u/235236/Pimp%20my%20cellphone.pdf\r\n\r\nLas aplicaciones con Software libre no solo se dan a nivel de desktop,\r\nsi no tambien a nivel de dispositivos moviles, en esta conferencia se\r\nmostrara distitos softwares que se le pueden instalar a nuestro\r\ncelulares (serie s60 NOKIA), ademas un poco de comunicacion con nuestro\r\ncelular a travez del Bluetooth. Y como conectarnos a internet de manera\r\ngratis sin pagar por servicios de gprs\r\n\r\n### Terminales Tontas, o clientes delgados ( linux terminal server )<http://www.divshare.com/download/3650238-98e>\r\n\r\nIntroducción a linux terminal server, como funciona, y distintas formas\r\nde realizarlo. Se hablara del proyecto ltsp del laboratorio de\r\nmantenimiento en la facultad de matematicas. Casos de exito.\r\nVentajas/desventajas.\r\n\r\n\r\n### Python para principiantes\r\n\r\nDe los tantos lenguajes de alto nivel que existen en la actualidad,\r\nPython ha sido el seleccionado por la comunidad de desarrolladores de\r\nsoftware libre como su lenguaje predilecto. Sin el impulso que compañías\r\ncomo Sun y Microsoft le brindaron a Java en sus inicios, Python ocupa ya\r\nun lugar especial en el stand de lenguajes de programación de propósito\r\ngeneral. Gigantes como Google, RedHat, lo utilizan para el desarrollo de\r\naplicaciones de vital importancia en su negocio o lo toman en cuenta\r\npara el desarrollo de sus herramientas de programación.\r\n\r\n\r\n### Python para celulares <http://www.divshare.com/download/3650241-0cf>\r\n\r\npys60 es un port de Python para el sistema operativo Symbian de los\r\ncelulares, especialmente para los Nokia de la serie s60. pys60 tiene\r\nsoporte para gran número de funciones en el celular: bluetooth /\r\nmensajes / calendario / contacto entre otros. Esta conferencia se\r\nmostrará algo de bluetooth , cómo programar en nuestra pc pero que se\r\nejecute en el celular. Emulación sin sdk. Algunas aplicaciones.\r\nProgramacion en vivo.\r\n\r\n### La vida del estudiante mas facil con SL\r\n\r\nDurante mi vida estudiantil, nos marcaban proyectos que haciamos con las\r\nherramientas que nos proporcionaban los profesores (IDE), pero con el paso de los años me doy cuenta que existe herramientas que hacen mas facil nuestro camino estudiantil. Esta conferencia de las herramientas de programacion/edicion/utilerias que se pueden utilizar.\r\n\r\n\r\n### Desarrollo web con deadlines ( django framework )\r\n\r\nCuando desarrollamos un sitio web o cualquier tipo de proyecto siempre\r\ntenemo el problema de los limite de entregas, para superar esto mucha\r\ngente ah desarrollado tecnologia de desarrollo agil utilizando el modelo\r\nMVC. En esta ponencia se hablara de estos problemas y del model que esta\r\ncausando la evolucion en desarrollo de proyectos. Todo esto utilizando\r\ndjango. Django es un framework para desarrollo web escrito en Python que\r\npropicia el desarrollo rápido y las buenas prácticas de programación.\r\nGuido van Rossum, creador de Python, usa Django de forma interna en Google.\r\n\r\n\r\n### ¿Que es gnu/linux? <http://www.divshare.com/download/3650239-200>\r\n\r\nGnu gnu is not unix es un proyecto iniciado por richar stallman el cual\r\nse encarga de juntar muchas herramientas para poder desarrollar un\r\nsistema operativo libre. Principios filosoficos rigen este sistema\r\noperativo donde tienes la libertad absoluta de tu sistema.\r\n\r\n',0,'',0),(2,'/about/','About ME','<span class=\"a\" onclick=\"$(\'rcontent\').setContent({ url:\'/flames\'});\">Im sucks!!!!!!! and my english TOO!</span>\r\n=======================\r\n\r\n\r\n\r\n\r\n\r\n![zodman](http://img412.imageshack.us/img412/1325/200c8e4b786e95842767e62ul1.jpg)\r\n\r\n\r\nThe code of my blog: [zodyblog](http://zodyblog.googlecode.com)\r\n\r\n<span class=\"a\" onclick=\"$(\'rcontent\').setContent({ url:\'/conferencias\'});\">Conferences</span>\r\n\r\n\r\n\r\n\r\nI a regular geek, write articles for [RevistaSL](http://revista-sl.org) Contrib with foresight linux.\r\n\r\n\r\nMy blog is powered by:\r\n\r\n<a href=\"http://www.djangoproject.com/\"><img src=\"http://media.djangoproject.com/img/badges/djangopowered126x54.gif\" border=\"0\" alt=\"Powered by Django.\" title=\"Powered by Django.\" /></a> <img src=\"http://img137.imageshack.us/img137/5286/mysqllogodt7.gif\">\r\n<img src=\"http://grupodigiart.com/img/logo.jpg\">',0,'',0),(3,'/flames/','Flames of my english','<img src=\"http://img524.imageshack.us/img524/97/pantallazobandejadeentrjf5.png\">   \r\n<img src=\"http://img113.imageshack.us/img113/9472/damog.png\">',0,'',0);
UNLOCK TABLES;
/*!40000 ALTER TABLE `django_flatpage` ENABLE KEYS */;

--
-- Table structure for table `django_flatpage_sites`
--

DROP TABLE IF EXISTS `django_flatpage_sites`;
CREATE TABLE `django_flatpage_sites` (
  `id` int(11) NOT NULL auto_increment,
  `flatpage_id` int(11) NOT NULL,
  `site_id` int(11) NOT NULL,
  PRIMARY KEY  (`id`),
  UNIQUE KEY `flatpage_id` (`flatpage_id`,`site_id`),
  KEY `site_id_refs_id_4e3eeb57` (`site_id`)
) ENGINE=MyISAM DEFAULT CHARSET=utf8;

--
-- Dumping data for table `django_flatpage_sites`
--


/*!40000 ALTER TABLE `django_flatpage_sites` DISABLE KEYS */;
LOCK TABLES `django_flatpage_sites` WRITE;
INSERT INTO `django_flatpage_sites` VALUES (39,1,1),(28,2,1),(40,3,1);
UNLOCK TABLES;
/*!40000 ALTER TABLE `django_flatpage_sites` ENABLE KEYS */;

--
-- Table structure for table `django_session`
--

DROP TABLE IF EXISTS `django_session`;
CREATE TABLE `django_session` (
  `session_key` varchar(40) NOT NULL,
  `session_data` longtext NOT NULL,
  `expire_date` datetime NOT NULL,
  PRIMARY KEY  (`session_key`)
) ENGINE=MyISAM DEFAULT CHARSET=utf8;

--
-- Dumping data for table `django_session`
--


/*!40000 ALTER TABLE `django_session` DISABLE KEYS */;
LOCK TABLES `django_session` WRITE;
INSERT INTO `django_session` VALUES ('95fca5be93c639d27f0c1efb432d2698','gAJ9cQEoVRJfYXV0aF91c2VyX2JhY2tlbmRxAlUpZGphbmdvLmNvbnRyaWIuYXV0aC5iYWNrZW5k\ncy5Nb2RlbEJhY2tlbmRxA1UNX2F1dGhfdXNlcl9pZHEESwF1LjBkNmNhNTA3MDY0NWFjMjg3ZDQ1\nNDg2ZDRmNWQ2M2M1\n','2008-07-24 16:22:35'),('99502b61a7c0be911266cb7c9e963ec9','gAJ9cQEoVRJfYXV0aF91c2VyX2JhY2tlbmRxAlUpZGphbmdvLmNvbnRyaWIuYXV0aC5iYWNrZW5k\ncy5Nb2RlbEJhY2tlbmRxA1UNX2F1dGhfdXNlcl9pZHEESwF1LjBkNmNhNTA3MDY0NWFjMjg3ZDQ1\nNDg2ZDRmNWQ2M2M1\n','2008-07-25 01:01:08'),('9b7a05f62ac7b0062b85f979921b4e6f','gAJ9cQEoVRJfYXV0aF91c2VyX2JhY2tlbmRxAlUpZGphbmdvLmNvbnRyaWIuYXV0aC5iYWNrZW5k\ncy5Nb2RlbEJhY2tlbmRxA1UNX2F1dGhfdXNlcl9pZHEESwF1LjBkNmNhNTA3MDY0NWFjMjg3ZDQ1\nNDg2ZDRmNWQ2M2M1\n','2008-07-27 05:25:21'),('e537db27b074e4010b21d67d712eb07b','gAJ9cQEoVRJfYXV0aF91c2VyX2JhY2tlbmRxAlUpZGphbmdvLmNvbnRyaWIuYXV0aC5iYWNrZW5k\ncy5Nb2RlbEJhY2tlbmRxA1UNX2F1dGhfdXNlcl9pZHEEigEBdS44ZDU2ZmYxMDE2NThhOWMzNThi\nNTFjYzM3OWE1NDhlMw==\n','2008-07-29 05:17:39'),('db43e674ac4f4d66c7ed33da778ec9b5','gAJ9cQEoVRJfYXV0aF91c2VyX2JhY2tlbmRxAlUpZGphbmdvLmNvbnRyaWIuYXV0aC5iYWNrZW5k\ncy5Nb2RlbEJhY2tlbmRxA1UNX2F1dGhfdXNlcl9pZHEEigEBdS44ZDU2ZmYxMDE2NThhOWMzNThi\nNTFjYzM3OWE1NDhlMw==\n','2008-07-30 16:12:02'),('11ad8b38c86b966241f7ff0bba5ce736','gAJ9cQEoVRJfYXV0aF91c2VyX2JhY2tlbmRxAlUpZGphbmdvLmNvbnRyaWIuYXV0aC5iYWNrZW5k\ncy5Nb2RlbEJhY2tlbmRxA1UNX2F1dGhfdXNlcl9pZHEEigEBdS44ZDU2ZmYxMDE2NThhOWMzNThi\nNTFjYzM3OWE1NDhlMw==\n','2008-07-31 17:01:22'),('137febaec0377e0f70db000c8fcb0786','gAJ9cQEoVRJfYXV0aF91c2VyX2JhY2tlbmRxAlUpZGphbmdvLmNvbnRyaWIuYXV0aC5iYWNrZW5k\ncy5Nb2RlbEJhY2tlbmRxA1UNX2F1dGhfdXNlcl9pZHEEigEBdS44ZDU2ZmYxMDE2NThhOWMzNThi\nNTFjYzM3OWE1NDhlMw==\n','2008-08-02 05:07:31'),('9302d7392d35fc5da854fd4b8922092a','gAJ9cQEuMzEzYTYxYjg0ZjE5ZjQ5OTQ3MDBkZTJlZWRhZWYxY2Q=\n','2008-08-03 22:58:28'),('d8c3e2ab3b19b9f94a2db74944b40c49','gAJ9cQEoVRJfYXV0aF91c2VyX2JhY2tlbmRxAlUpZGphbmdvLmNvbnRyaWIuYXV0aC5iYWNrZW5k\ncy5Nb2RlbEJhY2tlbmRxA1UNX2F1dGhfdXNlcl9pZHEEigEBdS44ZDU2ZmYxMDE2NThhOWMzNThi\nNTFjYzM3OWE1NDhlMw==\n','2008-08-07 07:05:06'),('2f88570d2d60dc4153e3164f040d7b2e','gAJ9cQEoVRJfYXV0aF91c2VyX2JhY2tlbmRxAlUpZGphbmdvLmNvbnRyaWIuYXV0aC5iYWNrZW5k\ncy5Nb2RlbEJhY2tlbmRxA1UNX2F1dGhfdXNlcl9pZHEEigEBdS44ZDU2ZmYxMDE2NThhOWMzNThi\nNTFjYzM3OWE1NDhlMw==\n','2008-08-08 15:34:40'),('ad16ed3f2a57883c4cf413c117b643f2','gAJ9cQFVCnRlc3Rjb29raWVxAlUGd29ya2VkcQNzLmRkZmZmMGJkMGQzNzczZTUzNWU3Zjk1MGFk\nNDUwMGNi\n','2008-08-11 00:17:05'),('f1c3ddf8fc1bcb6f68ae3a5f36d319b6','gAJ9cQEoVRJfYXV0aF91c2VyX2JhY2tlbmRxAlUpZGphbmdvLmNvbnRyaWIuYXV0aC5iYWNrZW5k\ncy5Nb2RlbEJhY2tlbmRxA1UNX2F1dGhfdXNlcl9pZHEEigEBdS44ZDU2ZmYxMDE2NThhOWMzNThi\nNTFjYzM3OWE1NDhlMw==\n','2008-08-15 04:58:59'),('4ef8e4c87280bc066cea697f09a87e03','gAJ9cQEoVRJfYXV0aF91c2VyX2JhY2tlbmRxAlUpZGphbmdvLmNvbnRyaWIuYXV0aC5iYWNrZW5k\ncy5Nb2RlbEJhY2tlbmRxA1UNX2F1dGhfdXNlcl9pZHEEigEBdS44ZDU2ZmYxMDE2NThhOWMzNThi\nNTFjYzM3OWE1NDhlMw==\n','2008-08-28 15:42:48'),('49b8fe7a48326a26a8f038d99849f04c','gAJ9cQEoVRJfYXV0aF91c2VyX2JhY2tlbmRxAlUpZGphbmdvLmNvbnRyaWIuYXV0aC5iYWNrZW5k\ncy5Nb2RlbEJhY2tlbmRxA1UNX2F1dGhfdXNlcl9pZHEEigEBdS44ZDU2ZmYxMDE2NThhOWMzNThi\nNTFjYzM3OWE1NDhlMw==\n','2008-09-01 08:06:45'),('4cc015d8d18b5f1962261287fe7124dd','gAJ9cQEoVRJfYXV0aF91c2VyX2JhY2tlbmRxAlUpZGphbmdvLmNvbnRyaWIuYXV0aC5iYWNrZW5k\ncy5Nb2RlbEJhY2tlbmRxA1UNX2F1dGhfdXNlcl9pZHEEigEBdS44ZDU2ZmYxMDE2NThhOWMzNThi\nNTFjYzM3OWE1NDhlMw==\n','2008-09-04 00:30:44'),('326808e7dfc02a9b9d9e4865f3c5d9d4','gAJ9cQFVCnRlc3Rjb29raWVxAlUGd29ya2VkcQNzLmRkZmZmMGJkMGQzNzczZTUzNWU3Zjk1MGFk\nNDUwMGNi\n','2008-09-11 06:21:09'),('7715e39f521241525246eca7c96c3c6d','gAJ9cQEoVRJfYXV0aF91c2VyX2JhY2tlbmRxAlUpZGphbmdvLmNvbnRyaWIuYXV0aC5iYWNrZW5k\ncy5Nb2RlbEJhY2tlbmRxA1UNX2F1dGhfdXNlcl9pZHEEigEBdS44ZDU2ZmYxMDE2NThhOWMzNThi\nNTFjYzM3OWE1NDhlMw==\n','2008-09-08 05:04:09'),('2a31b5a206eea3d5a883ed55420ff273','gAJ9cQFVCnRlc3Rjb29raWVxAlUGd29ya2VkcQNzLmRkZmZmMGJkMGQzNzczZTUzNWU3Zjk1MGFk\nNDUwMGNi\n','2008-09-12 07:22:05'),('92085f9f46928ca5fbde002b9135a81c','gAJ9cQFVCnRlc3Rjb29raWVxAlUGd29ya2VkcQNzLmRkZmZmMGJkMGQzNzczZTUzNWU3Zjk1MGFk\nNDUwMGNi\n','2008-09-12 07:14:27'),('abc088ed99b4b690d6b9358e6486f7ed','gAJ9cQFVCnRlc3Rjb29raWVxAlUGd29ya2VkcQNzLmRkZmZmMGJkMGQzNzczZTUzNWU3Zjk1MGFk\nNDUwMGNi\n','2008-09-12 07:14:54'),('12819b53cd2efe54e7bedecfb3ecee95','gAJ9cQFVCnRlc3Rjb29raWVxAlUGd29ya2VkcQNzLmRkZmZmMGJkMGQzNzczZTUzNWU3Zjk1MGFk\nNDUwMGNi\n','2008-09-12 07:15:04'),('27702b8b737aab310d073f25ef1f2a5f','gAJ9cQFVCnRlc3Rjb29raWVxAlUGd29ya2VkcQNzLmRkZmZmMGJkMGQzNzczZTUzNWU3Zjk1MGFk\nNDUwMGNi\n','2008-09-12 07:18:41'),('6e7fe7d908dff6d41ff452715bc07ab4','gAJ9cQFVCnRlc3Rjb29raWVxAlUGd29ya2VkcQNzLmRkZmZmMGJkMGQzNzczZTUzNWU3Zjk1MGFk\nNDUwMGNi\n','2008-09-12 07:18:50'),('8a108a536c4ea4c06093b42aedd477e3','gAJ9cQFVCnRlc3Rjb29raWVxAlUGd29ya2VkcQNzLmRkZmZmMGJkMGQzNzczZTUzNWU3Zjk1MGFk\nNDUwMGNi\n','2008-09-12 07:19:04'),('9cd89cf1d7fb03eada436ca610d9038e','gAJ9cQFVCnRlc3Rjb29raWVxAlUGd29ya2VkcQNzLmRkZmZmMGJkMGQzNzczZTUzNWU3Zjk1MGFk\nNDUwMGNi\n','2008-09-12 07:19:19'),('3a16bc20d4a7db3b391758e5647cac1b','gAJ9cQFVCnRlc3Rjb29raWVxAlUGd29ya2VkcQNzLmRkZmZmMGJkMGQzNzczZTUzNWU3Zjk1MGFk\nNDUwMGNi\n','2008-09-12 07:19:48'),('d9b7526146e8d7846e1173bc747d1fa2','gAJ9cQFVCnRlc3Rjb29raWVxAlUGd29ya2VkcQNzLmRkZmZmMGJkMGQzNzczZTUzNWU3Zjk1MGFk\nNDUwMGNi\n','2008-09-12 07:20:01'),('8523ad5fd87697114be55a71c5098005','gAJ9cQFVCnRlc3Rjb29raWVxAlUGd29ya2VkcQNzLmRkZmZmMGJkMGQzNzczZTUzNWU3Zjk1MGFk\nNDUwMGNi\n','2008-09-12 07:21:21'),('989535710b381da01f253756ddbf695a','gAJ9cQFVCnRlc3Rjb29raWVxAlUGd29ya2VkcQNzLmRkZmZmMGJkMGQzNzczZTUzNWU3Zjk1MGFk\nNDUwMGNi\n','2008-09-12 07:21:37'),('ac1b411945abff750b06d9d08fa2d122','gAJ9cQEoVRJfYXV0aF91c2VyX2JhY2tlbmRxAlUpZGphbmdvLmNvbnRyaWIuYXV0aC5iYWNrZW5k\ncy5Nb2RlbEJhY2tlbmRxA1UNX2F1dGhfdXNlcl9pZHEEigEBdS44ZDU2ZmYxMDE2NThhOWMzNThi\nNTFjYzM3OWE1NDhlMw==\n','2008-09-12 07:21:54'),('53abaed575c64bd68331e0f9973582d0','gAJ9cQFVCnRlc3Rjb29raWVxAlUGd29ya2VkcQNzLmRkZmZmMGJkMGQzNzczZTUzNWU3Zjk1MGFk\nNDUwMGNi\n','2008-09-12 07:22:49'),('d824d55c78da70eb953d015e6f23a930','gAJ9cQFVCnRlc3Rjb29raWVxAlUGd29ya2VkcQNzLmRkZmZmMGJkMGQzNzczZTUzNWU3Zjk1MGFk\nNDUwMGNi\n','2008-09-12 07:23:18'),('30af25175060cd5b3d5c8a3a9977361a','gAJ9cQFVCnRlc3Rjb29raWVxAlUGd29ya2VkcQNzLmRkZmZmMGJkMGQzNzczZTUzNWU3Zjk1MGFk\nNDUwMGNi\n','2008-09-12 07:23:46'),('f133e29070bb74be46fc8975897fce03','gAJ9cQFVCnRlc3Rjb29raWVxAlUGd29ya2VkcQNzLmRkZmZmMGJkMGQzNzczZTUzNWU3Zjk1MGFk\nNDUwMGNi\n','2008-09-16 19:38:47'),('46b099aba75c3ad8d6331a483a5270e6','gAJ9cQFVCnRlc3Rjb29raWVxAlUGd29ya2VkcQNzLmRkZmZmMGJkMGQzNzczZTUzNWU3Zjk1MGFk\nNDUwMGNi\n','2008-09-27 20:30:40'),('0cc79c702549370e4b2c7d4684f401c3','gAJ9cQEoVRJfYXV0aF91c2VyX2JhY2tlbmRxAlUpZGphbmdvLmNvbnRyaWIuYXV0aC5iYWNrZW5k\ncy5Nb2RlbEJhY2tlbmRxA1UNX2F1dGhfdXNlcl9pZHEEigEBdS44ZDU2ZmYxMDE2NThhOWMzNThi\nNTFjYzM3OWE1NDhlMw==\n','2008-09-18 05:35:23'),('7058f4af87ff242515a13395be1daa8a','gAJ9cQEoVRJfYXV0aF91c2VyX2JhY2tlbmRxAlUpZGphbmdvLmNvbnRyaWIuYXV0aC5iYWNrZW5k\ncy5Nb2RlbEJhY2tlbmRxA1UNX2F1dGhfdXNlcl9pZHEEigEBdS44ZDU2ZmYxMDE2NThhOWMzNThi\nNTFjYzM3OWE1NDhlMw==\n','2008-09-15 20:47:44'),('ea99ec44a47df809417e94a2547d2d14','gAJ9cQEoVRJfYXV0aF91c2VyX2JhY2tlbmRxAlUpZGphbmdvLmNvbnRyaWIuYXV0aC5iYWNrZW5k\ncy5Nb2RlbEJhY2tlbmRxA1UNX2F1dGhfdXNlcl9pZHEEigEBdS44ZDU2ZmYxMDE2NThhOWMzNThi\nNTFjYzM3OWE1NDhlMw==\n','2008-09-21 02:19:47'),('8f75d88a71c3ea3dd7059f786e6d40b4','gAJ9cQFVCnRlc3Rjb29raWVxAlUGd29ya2VkcQNzLmRkZmZmMGJkMGQzNzczZTUzNWU3Zjk1MGFk\nNDUwMGNi\n','2008-09-27 20:30:34'),('f022084e9bf39b572eb91fbb917fd2a9','gAJ9cQEoVRJfYXV0aF91c2VyX2JhY2tlbmRxAlUpZGphbmdvLmNvbnRyaWIuYXV0aC5iYWNrZW5k\ncy5Nb2RlbEJhY2tlbmRxA1UNX2F1dGhfdXNlcl9pZHEEigEBdS44ZDU2ZmYxMDE2NThhOWMzNThi\nNTFjYzM3OWE1NDhlMw==\n','2008-09-27 20:30:39'),('71289553061f28c253218dee6e7a483a','gAJ9cQFVCnRlc3Rjb29raWVxAlUGd29ya2VkcQNzLmRkZmZmMGJkMGQzNzczZTUzNWU3Zjk1MGFk\nNDUwMGNi\n','2008-10-18 23:19:36'),('1e80c675cf4f7944c42b8985c9bcba02','gAJ9cQEoVRJfYXV0aF91c2VyX2JhY2tlbmRxAlUpZGphbmdvLmNvbnRyaWIuYXV0aC5iYWNrZW5k\ncy5Nb2RlbEJhY2tlbmRxA1UNX2F1dGhfdXNlcl9pZHEEigEBdS44ZDU2ZmYxMDE2NThhOWMzNThi\nNTFjYzM3OWE1NDhlMw==\n','2008-10-01 05:51:01'),('df1bf1ba16c4a37cd55704d7c6d69bc9','gAJ9cQEoVRJfYXV0aF91c2VyX2JhY2tlbmRxAlUpZGphbmdvLmNvbnRyaWIuYXV0aC5iYWNrZW5k\ncy5Nb2RlbEJhY2tlbmRxA1UNX2F1dGhfdXNlcl9pZHEEigEBdS44ZDU2ZmYxMDE2NThhOWMzNThi\nNTFjYzM3OWE1NDhlMw==\n','2008-10-02 15:29:51'),('c431b8a5d9ca3ffa411fc0cc5dee2460','gAJ9cQEoVRJfYXV0aF91c2VyX2JhY2tlbmRxAlUpZGphbmdvLmNvbnRyaWIuYXV0aC5iYWNrZW5k\ncy5Nb2RlbEJhY2tlbmRxA1UNX2F1dGhfdXNlcl9pZHEEigEBdS44ZDU2ZmYxMDE2NThhOWMzNThi\nNTFjYzM3OWE1NDhlMw==\n','2008-10-14 06:50:17'),('0b5e27f215267c6c024dd34a4815db32','gAJ9cQFVCnRlc3Rjb29raWVxAlUGd29ya2VkcQNzLmRkZmZmMGJkMGQzNzczZTUzNWU3Zjk1MGFk\nNDUwMGNi\n','2008-10-21 08:19:22'),('9364c5f1daf62551745bab7b41a781f4','gAJ9cQEoVRJfYXV0aF91c2VyX2JhY2tlbmRxAlUpZGphbmdvLmNvbnRyaWIuYXV0aC5iYWNrZW5k\ncy5Nb2RlbEJhY2tlbmRxA1UNX2F1dGhfdXNlcl9pZHEEigEBdS44ZDU2ZmYxMDE2NThhOWMzNThi\nNTFjYzM3OWE1NDhlMw==\n','2008-10-19 22:35:24'),('65722676ae87f1fa90a80811c82a4f35','gAJ9cQFVCnRlc3Rjb29raWVxAlUGd29ya2VkcQNzLmRkZmZmMGJkMGQzNzczZTUzNWU3Zjk1MGFk\nNDUwMGNi\n','2008-10-21 23:45:34'),('2661bdd5fcf4311620ff9a62f87b1a48','gAJ9cQFVCnRlc3Rjb29raWVxAlUGd29ya2VkcQNzLmRkZmZmMGJkMGQzNzczZTUzNWU3Zjk1MGFk\nNDUwMGNi\n','2008-11-02 17:25:16'),('bf05e89856f514bb9662b62f71815ecb','gAJ9cQEoVRJfYXV0aF91c2VyX2JhY2tlbmRxAlUpZGphbmdvLmNvbnRyaWIuYXV0aC5iYWNrZW5k\ncy5Nb2RlbEJhY2tlbmRxA1UNX2F1dGhfdXNlcl9pZHEEigEBdS44ZDU2ZmYxMDE2NThhOWMzNThi\nNTFjYzM3OWE1NDhlMw==\n','2008-10-27 21:40:36'),('8d05ce566c3b7f98df479932c990ab7f','gAJ9cQEoVRJfYXV0aF91c2VyX2JhY2tlbmRxAlUpZGphbmdvLmNvbnRyaWIuYXV0aC5iYWNrZW5k\ncy5Nb2RlbEJhY2tlbmRxA1UNX2F1dGhfdXNlcl9pZHEEigEBdS44ZDU2ZmYxMDE2NThhOWMzNThi\nNTFjYzM3OWE1NDhlMw==\n','2008-10-31 19:24:15'),('d3caf5eaebc915b0b3bdb9bec55dad70','gAJ9cQFVCnRlc3Rjb29raWVxAlUGd29ya2VkcQNzLmRkZmZmMGJkMGQzNzczZTUzNWU3Zjk1MGFk\nNDUwMGNi\n','2008-11-15 20:00:08'),('9b5f98222d796fa1fbfd89c0ee379622','gAJ9cQEoVRJfYXV0aF91c2VyX2JhY2tlbmRxAlUpZGphbmdvLmNvbnRyaWIuYXV0aC5iYWNrZW5k\ncy5Nb2RlbEJhY2tlbmRxA1UNX2F1dGhfdXNlcl9pZHEEigEBdS44ZDU2ZmYxMDE2NThhOWMzNThi\nNTFjYzM3OWE1NDhlMw==\n','2008-11-04 06:20:52'),('dfa336a351bcda84460bbc36589ac224','gAJ9cQFVCnRlc3Rjb29raWVxAlUGd29ya2VkcQNzLmRkZmZmMGJkMGQzNzczZTUzNWU3Zjk1MGFk\nNDUwMGNi\n','2008-11-15 19:58:56'),('4591d86126a5c864ed744891c5f2f376','gAJ9cQEoVRJfYXV0aF91c2VyX2JhY2tlbmRxAlUpZGphbmdvLmNvbnRyaWIuYXV0aC5iYWNrZW5k\ncy5Nb2RlbEJhY2tlbmRxA1UNX2F1dGhfdXNlcl9pZHEEigEBdS44ZDU2ZmYxMDE2NThhOWMzNThi\nNTFjYzM3OWE1NDhlMw==\n','2008-11-15 20:00:07'),('98e8e4974347f2f4caa3dd9c5600166f','gAJ9cQFVCnRlc3Rjb29raWVxAlUGd29ya2VkcQNzLmRkZmZmMGJkMGQzNzczZTUzNWU3Zjk1MGFk\nNDUwMGNi\n','2008-11-15 20:00:34'),('0e744beadc163b3df11f4e9585ec8fd3','gAJ9cQFVCnRlc3Rjb29raWVxAlUGd29ya2VkcQNzLmRkZmZmMGJkMGQzNzczZTUzNWU3Zjk1MGFk\nNDUwMGNi\n','2008-11-15 20:00:34'),('a7a2b61ee2a0f675b6c6fd0e9a516503','gAJ9cQFVCnRlc3Rjb29raWVxAlUGd29ya2VkcQNzLmRkZmZmMGJkMGQzNzczZTUzNWU3Zjk1MGFk\nNDUwMGNi\n','2008-11-15 20:00:36'),('8a32ec06ff6457140a1b654455e5dd05','gAJ9cQFVCnRlc3Rjb29raWVxAlUGd29ya2VkcQNzLmRkZmZmMGJkMGQzNzczZTUzNWU3Zjk1MGFk\nNDUwMGNi\n','2008-11-15 20:00:37'),('de025755cfc44e57444622288a2de051','gAJ9cQFVCnRlc3Rjb29raWVxAlUGd29ya2VkcQNzLmRkZmZmMGJkMGQzNzczZTUzNWU3Zjk1MGFk\nNDUwMGNi\n','2008-11-15 20:00:37'),('37e2fffe02c4cbc2c16d7e7c48b5913c','gAJ9cQFVCnRlc3Rjb29raWVxAlUGd29ya2VkcQNzLmRkZmZmMGJkMGQzNzczZTUzNWU3Zjk1MGFk\nNDUwMGNi\n','2008-11-15 20:00:38'),('bdb0641d6d7984d35015a255624cfe6c','gAJ9cQFVCnRlc3Rjb29raWVxAlUGd29ya2VkcQNzLmRkZmZmMGJkMGQzNzczZTUzNWU3Zjk1MGFk\nNDUwMGNi\n','2008-11-15 20:00:39'),('0c1e029c49034dd5150fcf810700ccfe','gAJ9cQFVCnRlc3Rjb29raWVxAlUGd29ya2VkcQNzLmRkZmZmMGJkMGQzNzczZTUzNWU3Zjk1MGFk\nNDUwMGNi\n','2008-11-15 20:10:25'),('de4a0b3a20b623c86d5eabe792f03443','gAJ9cQFVCnRlc3Rjb29raWVxAlUGd29ya2VkcQNzLmRkZmZmMGJkMGQzNzczZTUzNWU3Zjk1MGFk\nNDUwMGNi\n','2008-11-15 20:10:28'),('9eb74f92ae70d7ee08db205534a88aca','gAJ9cQFVCnRlc3Rjb29raWVxAlUGd29ya2VkcQNzLmRkZmZmMGJkMGQzNzczZTUzNWU3Zjk1MGFk\nNDUwMGNi\n','2008-11-15 20:10:29'),('b5bceb64c9c4f70652125f8b5233356a','gAJ9cQFVCnRlc3Rjb29raWVxAlUGd29ya2VkcQNzLmRkZmZmMGJkMGQzNzczZTUzNWU3Zjk1MGFk\nNDUwMGNi\n','2008-11-15 20:10:30'),('81cfe11b7c29b8d4d31ed285e4a9727b','gAJ9cQFVCnRlc3Rjb29raWVxAlUGd29ya2VkcQNzLmRkZmZmMGJkMGQzNzczZTUzNWU3Zjk1MGFk\nNDUwMGNi\n','2008-11-15 20:10:30'),('3ecdbfbf3b14c91198b3fab8ea2f4b2f','gAJ9cQFVCnRlc3Rjb29raWVxAlUGd29ya2VkcQNzLmRkZmZmMGJkMGQzNzczZTUzNWU3Zjk1MGFk\nNDUwMGNi\n','2008-11-15 20:10:30'),('05de9ef3d1a11261fdfb1652022b5f3d','gAJ9cQFVCnRlc3Rjb29raWVxAlUGd29ya2VkcQNzLmRkZmZmMGJkMGQzNzczZTUzNWU3Zjk1MGFk\nNDUwMGNi\n','2008-11-15 20:10:34'),('7e4e47c7f0a03d5baac10957858db177','gAJ9cQFVCnRlc3Rjb29raWVxAlUGd29ya2VkcQNzLmRkZmZmMGJkMGQzNzczZTUzNWU3Zjk1MGFk\nNDUwMGNi\n','2008-11-15 20:10:34'),('f572f32944e6402919aba66e751c5239','gAJ9cQEoVRJfYXV0aF91c2VyX2JhY2tlbmRxAlUpZGphbmdvLmNvbnRyaWIuYXV0aC5iYWNrZW5k\ncy5Nb2RlbEJhY2tlbmRxA1UNX2F1dGhfdXNlcl9pZHEEigEBdS44ZDU2ZmYxMDE2NThhOWMzNThi\nNTFjYzM3OWE1NDhlMw==\n','2008-11-18 07:40:59'),('79e610ce6a47f6967bdf350789f41017','gAJ9cQEoVRJfYXV0aF91c2VyX2JhY2tlbmRxAlUpZGphbmdvLmNvbnRyaWIuYXV0aC5iYWNrZW5k\ncy5Nb2RlbEJhY2tlbmRxA1UNX2F1dGhfdXNlcl9pZHEEigEBdS44ZDU2ZmYxMDE2NThhOWMzNThi\nNTFjYzM3OWE1NDhlMw==\n','2008-11-20 01:47:27'),('707d022262832852147f153670dbf039','gAJ9cQEoVRJfYXV0aF91c2VyX2JhY2tlbmRxAlUpZGphbmdvLmNvbnRyaWIuYXV0aC5iYWNrZW5k\ncy5Nb2RlbEJhY2tlbmRxA1UNX2F1dGhfdXNlcl9pZHEEigEBdS44ZDU2ZmYxMDE2NThhOWMzNThi\nNTFjYzM3OWE1NDhlMw==\n','2008-12-02 07:44:32'),('cbb8a1801fb633c469cbc342133f4b1c','gAJ9cQEoVRJfYXV0aF91c2VyX2JhY2tlbmRxAlUpZGphbmdvLmNvbnRyaWIuYXV0aC5iYWNrZW5k\ncy5Nb2RlbEJhY2tlbmRxA1UNX2F1dGhfdXNlcl9pZHEEigEBdS44ZDU2ZmYxMDE2NThhOWMzNThi\nNTFjYzM3OWE1NDhlMw==\n','2008-12-02 08:23:08'),('ec58fab42bd00f285f94b65543133596','gAJ9cQEoVRJfYXV0aF91c2VyX2JhY2tlbmRxAlUpZGphbmdvLmNvbnRyaWIuYXV0aC5iYWNrZW5k\ncy5Nb2RlbEJhY2tlbmRxA1UNX2F1dGhfdXNlcl9pZHEEigEBdS44ZDU2ZmYxMDE2NThhOWMzNThi\nNTFjYzM3OWE1NDhlMw==\n','2008-12-19 16:22:16'),('ce18a8f9c3c40c42697b03cf5f9dd4b7','gAJ9cQEoVRJfYXV0aF91c2VyX2JhY2tlbmRxAlUpZGphbmdvLmNvbnRyaWIuYXV0aC5iYWNrZW5k\ncy5Nb2RlbEJhY2tlbmRxA1UNX2F1dGhfdXNlcl9pZHEEigEBdS44ZDU2ZmYxMDE2NThhOWMzNThi\nNTFjYzM3OWE1NDhlMw==\n','2008-12-18 23:08:48'),('d172bfe0c034602b89844c1128f7cbe5','gAJ9cQFVCnRlc3Rjb29raWVxAlUGd29ya2VkcQNzLmRkZmZmMGJkMGQzNzczZTUzNWU3Zjk1MGFk\nNDUwMGNi\n','2009-02-08 08:31:23'),('fb718d9661a8ef39c3227be118ca8032','gAJ9cQEoVRJfYXV0aF91c2VyX2JhY2tlbmRxAlUpZGphbmdvLmNvbnRyaWIuYXV0aC5iYWNrZW5k\ncy5Nb2RlbEJhY2tlbmRxA1UNX2F1dGhfdXNlcl9pZHEEigEBdS44ZDU2ZmYxMDE2NThhOWMzNThi\nNTFjYzM3OWE1NDhlMw==\n','2008-12-29 06:10:31'),('121e22b70eac0b4a2bfe9770ba2783ac','gAJ9cQEoVRJfYXV0aF91c2VyX2JhY2tlbmRxAlUpZGphbmdvLmNvbnRyaWIuYXV0aC5iYWNrZW5k\ncy5Nb2RlbEJhY2tlbmRxA1UNX2F1dGhfdXNlcl9pZHEEigEBdS44ZDU2ZmYxMDE2NThhOWMzNThi\nNTFjYzM3OWE1NDhlMw==\n','2009-01-02 22:48:50'),('48b7fff3a2c977ff1e96aca13284319d','gAJ9cQEoVRJfYXV0aF91c2VyX2JhY2tlbmRxAlUpZGphbmdvLmNvbnRyaWIuYXV0aC5iYWNrZW5k\ncy5Nb2RlbEJhY2tlbmRxA1UNX2F1dGhfdXNlcl9pZHEEigEBdS44ZDU2ZmYxMDE2NThhOWMzNThi\nNTFjYzM3OWE1NDhlMw==\n','2009-01-03 00:44:54'),('ba855435c96633f7f25a9d738cbf9d72','gAJ9cQEoVRJfYXV0aF91c2VyX2JhY2tlbmRxAlUpZGphbmdvLmNvbnRyaWIuYXV0aC5iYWNrZW5k\ncy5Nb2RlbEJhY2tlbmRxA1UNX2F1dGhfdXNlcl9pZHEEigEBdS44ZDU2ZmYxMDE2NThhOWMzNThi\nNTFjYzM3OWE1NDhlMw==\n','2009-01-11 03:31:59'),('9d395de8bd97a11271445f79fb3647b1','gAJ9cQEoVRJfYXV0aF91c2VyX2JhY2tlbmRxAlUpZGphbmdvLmNvbnRyaWIuYXV0aC5iYWNrZW5k\ncy5Nb2RlbEJhY2tlbmRxA1UNX2F1dGhfdXNlcl9pZHEEigEBdS44ZDU2ZmYxMDE2NThhOWMzNThi\nNTFjYzM3OWE1NDhlMw==\n','2009-01-28 00:24:41'),('f417b8eafc7bf94de5f6cee6620bf560','gAJ9cQFVCnRlc3Rjb29raWVxAlUGd29ya2VkcQNzLmRkZmZmMGJkMGQzNzczZTUzNWU3Zjk1MGFk\nNDUwMGNi\n','2009-02-12 18:15:33'),('4c9010cf01c2a8009ae13446b973c429','gAJ9cQFVCnRlc3Rjb29raWVxAlUGd29ya2VkcQNzLmRkZmZmMGJkMGQzNzczZTUzNWU3Zjk1MGFk\nNDUwMGNi\n','2009-02-13 20:15:36'),('dd6f76d26a45c8966f1c93ceffc39e40','gAJ9cQEoVRJfYXV0aF91c2VyX2JhY2tlbmRxAlUpZGphbmdvLmNvbnRyaWIuYXV0aC5iYWNrZW5k\ncy5Nb2RlbEJhY2tlbmRxA1UNX2F1dGhfdXNlcl9pZHEEigEBdS44ZDU2ZmYxMDE2NThhOWMzNThi\nNTFjYzM3OWE1NDhlMw==\n','2009-02-12 18:43:46'),('e39a4bd0f19f99db25e5832843703c06','gAJ9cQEoVRJfYXV0aF91c2VyX2JhY2tlbmRxAlUpZGphbmdvLmNvbnRyaWIuYXV0aC5iYWNrZW5k\ncy5Nb2RlbEJhY2tlbmRxA1UNX2F1dGhfdXNlcl9pZHEEigEBdS44ZDU2ZmYxMDE2NThhOWMzNThi\nNTFjYzM3OWE1NDhlMw==\n','2009-03-09 16:04:54'),('99380f4506d8731a4aed244e39650f75','gAJ9cQEoVRJfYXV0aF91c2VyX2JhY2tlbmRxAlUpZGphbmdvLmNvbnRyaWIuYXV0aC5iYWNrZW5k\ncy5Nb2RlbEJhY2tlbmRxA1UNX2F1dGhfdXNlcl9pZHEEigEBdS44ZDU2ZmYxMDE2NThhOWMzNThi\nNTFjYzM3OWE1NDhlMw==\n','2009-02-18 16:26:25'),('76aa9b9ae146eae706bc3d604bf51ec0','gAJ9cQEoVRJfYXV0aF91c2VyX2JhY2tlbmRxAlUpZGphbmdvLmNvbnRyaWIuYXV0aC5iYWNrZW5k\ncy5Nb2RlbEJhY2tlbmRxA1UNX2F1dGhfdXNlcl9pZHEEigEBdS44ZDU2ZmYxMDE2NThhOWMzNThi\nNTFjYzM3OWE1NDhlMw==\n','2009-03-14 00:49:26'),('8f64a001fa062d793933a29ea132665e','gAJ9cQEoVRJfYXV0aF91c2VyX2JhY2tlbmRxAlUpZGphbmdvLmNvbnRyaWIuYXV0aC5iYWNrZW5k\ncy5Nb2RlbEJhY2tlbmRxA1UNX2F1dGhfdXNlcl9pZHEEigEBdS44ZDU2ZmYxMDE2NThhOWMzNThi\nNTFjYzM3OWE1NDhlMw==\n','2009-03-26 03:48:59'),('36f657903c615cab2b366a54857ccfd5','gAJ9cQEoVRJfYXV0aF91c2VyX2JhY2tlbmRxAlUpZGphbmdvLmNvbnRyaWIuYXV0aC5iYWNrZW5k\ncy5Nb2RlbEJhY2tlbmRxA1UNX2F1dGhfdXNlcl9pZHEEigEBdS44ZDU2ZmYxMDE2NThhOWMzNThi\nNTFjYzM3OWE1NDhlMw==\n','2009-03-24 08:49:43');
UNLOCK TABLES;
/*!40000 ALTER TABLE `django_session` ENABLE KEYS */;

--
-- Table structure for table `django_site`
--

DROP TABLE IF EXISTS `django_site`;
CREATE TABLE `django_site` (
  `id` int(11) NOT NULL auto_increment,
  `domain` varchar(100) NOT NULL,
  `name` varchar(50) NOT NULL,
  PRIMARY KEY  (`id`)
) ENGINE=MyISAM DEFAULT CHARSET=utf8;

--
-- Dumping data for table `django_site`
--


/*!40000 ALTER TABLE `django_site` DISABLE KEYS */;
LOCK TABLES `django_site` WRITE;
INSERT INTO `django_site` VALUES (1,'vampirito.com.mx','vampirito.com.mx');
UNLOCK TABLES;
/*!40000 ALTER TABLE `django_site` ENABLE KEYS */;

--
-- Table structure for table `links_link`
--

DROP TABLE IF EXISTS `links_link`;
CREATE TABLE `links_link` (
  `id` int(11) NOT NULL auto_increment,
  `nombre` varchar(30) NOT NULL,
  `direccion` varchar(200) NOT NULL,
  `imagen` varchar(200) NOT NULL,
  `tipo_id` int(11) NOT NULL,
  PRIMARY KEY  (`id`),
  KEY `links_link_tipo_id` (`tipo_id`)
) ENGINE=MyISAM DEFAULT CHARSET=utf8;

--
-- Dumping data for table `links_link`
--


/*!40000 ALTER TABLE `links_link` DISABLE KEYS */;
LOCK TABLES `links_link` WRITE;
INSERT INTO `links_link` VALUES (1,'planet linux mx','http://mx.planetalinux.org/','http://img401.imageshack.us/img401/2613/feedverderm2.gif',1),(2,'como carajos','http://comocarajos.com/','http://img170.imageshack.us/img170/1986/debianlogose5.png',1),(3,'Zody foresight repo','http://zodyrepo.rpath.org/','http://www.zod.com.mx/static/images/rpath.gif',2),(4,'delicious','http://delicious.com/zodman','http://www.zod.com.mx/static/images/delicious.gif',3),(5,'Facebook','http://www.new.facebook.com/home.php#/profile.php?id=698383750','http://www.zod.com.mx/static/images/facebook.gif',4),(6,'twitter','http://twitter.com/zodman','http://www.zod.com.mx/static/images/twitter.gif',4),(7,'Pownce','http://pownce.com/zodman/','http://www.zod.com.mx/static/images/pownce.gif',4),(8,'Last.FM','http://www.lastfm.es/user/zodman','http://www.zod.com.mx/static/images/lastfm.gif',4),(9,'Planet Foresight','http://planet.foresightlinux.org/','http://img401.imageshack.us/img401/2613/feedverderm2.gif',2),(10,'Foresight Forum esp','http://te.tl/e8','http://forum.foresightlinux.org/Themes/foresight-forum-theme/images/favicon.ico',2),(11,'Picasa','http://picasaweb.google.com/zodman','http://img180.imageshack.us/img180/7427/picasa16x16fq2.gif',3),(12,'DjangoPeople','http://djangopeople.net/zodman','http://djangopeople.net/static/img/services/django.png',3),(13,'DjangoSites','http://www.djangosites.org/author/zodman101/','http://djangopeople.net/static/img/services/django.png',3),(14,'Revista SL','http://revista-sl.org/','http://revista-sl.org/data/thumbs/_revistasl%5B1%5D%5B1%5D.jpg',1);
UNLOCK TABLES;
/*!40000 ALTER TABLE `links_link` ENABLE KEYS */;

--
-- Table structure for table `links_tipo`
--

DROP TABLE IF EXISTS `links_tipo`;
CREATE TABLE `links_tipo` (
  `id` int(11) NOT NULL auto_increment,
  `nombre` varchar(30) NOT NULL,
  PRIMARY KEY  (`id`)
) ENGINE=MyISAM DEFAULT CHARSET=utf8;

--
-- Dumping data for table `links_tipo`
--


/*!40000 ALTER TABLE `links_tipo` DISABLE KEYS */;
LOCK TABLES `links_tipo` WRITE;
INSERT INTO `links_tipo` VALUES (1,'LINUX & FS'),(2,'Foresight'),(3,'Stuff'),(4,'Social Network'),(5,'ENLI');
UNLOCK TABLES;
/*!40000 ALTER TABLE `links_tipo` ENABLE KEYS */;

--
-- Table structure for table `tumble_item`
--

DROP TABLE IF EXISTS `tumble_item`;
CREATE TABLE `tumble_item` (
  `id` int(11) NOT NULL auto_increment,
  `content_type_id` int(11) NOT NULL,
  `object_id` int(10) unsigned NOT NULL,
  `pub_date` datetime NOT NULL,
  PRIMARY KEY  (`id`),
  KEY `tumble_item_content_type_id` (`content_type_id`)
) ENGINE=MyISAM DEFAULT CHARSET=utf8;

--
-- Dumping data for table `tumble_item`
--


/*!40000 ALTER TABLE `tumble_item` DISABLE KEYS */;
LOCK TABLES `tumble_item` WRITE;
INSERT INTO `tumble_item` VALUES (1,15,1,'2008-08-26 03:06:00'),(2,15,2,'2008-08-26 03:04:00'),(3,15,3,'2008-08-26 02:02:00'),(4,15,4,'2008-08-26 01:37:00'),(5,15,5,'2008-08-26 01:27:00'),(6,15,6,'2008-08-26 01:22:00'),(7,15,7,'2008-08-25 23:45:00'),(8,15,8,'2008-08-25 20:00:00'),(9,15,9,'2008-08-25 19:55:00'),(10,15,10,'2008-08-25 19:03:00'),(11,15,11,'2008-08-25 19:03:00'),(12,15,12,'2008-08-24 23:18:00'),(13,15,13,'2008-08-24 03:24:00'),(14,15,14,'2008-08-22 23:45:00'),(15,15,15,'2008-08-22 15:03:00'),(16,15,16,'2008-08-22 01:25:00'),(17,15,17,'2008-08-21 15:42:00'),(18,15,18,'2008-08-21 14:26:00'),(19,15,19,'2008-08-21 02:20:00'),(20,15,20,'2008-08-20 18:47:00'),(21,11,24,'2008-08-26 03:27:27'),(22,15,21,'2008-08-26 03:31:00'),(23,15,22,'2008-08-26 17:07:00'),(24,15,23,'2008-08-27 01:27:00'),(25,11,25,'2008-08-27 13:37:41'),(26,15,24,'2008-08-27 15:49:00'),(27,15,25,'2008-08-27 17:15:00'),(28,15,26,'2008-08-27 23:28:00'),(29,15,27,'2008-08-27 23:46:00'),(30,11,26,'2008-08-28 13:16:09'),(31,15,28,'2008-08-28 15:40:00'),(32,15,29,'2008-08-28 16:54:00'),(33,15,30,'2008-08-28 17:54:00'),(34,15,31,'2008-08-28 18:23:00'),(35,15,32,'2008-08-28 18:21:00'),(36,15,33,'2008-08-29 02:18:00'),(37,15,34,'2008-08-29 13:20:00'),(38,15,35,'2008-08-29 13:54:00'),(39,15,36,'2008-08-29 19:20:00'),(40,15,37,'2008-08-29 19:42:00'),(41,15,38,'2008-08-29 19:33:00'),(42,11,27,'2008-09-01 00:37:02'),(43,15,39,'2008-09-01 01:17:00'),(44,15,40,'2008-09-01 03:06:00'),(45,15,41,'2008-09-01 14:31:00'),(46,11,28,'2008-09-01 15:48:40'),(47,15,42,'2008-09-01 19:40:00'),(48,11,29,'2008-09-02 02:31:51'),(49,15,43,'2008-09-02 15:53:00'),(50,11,30,'2008-09-03 03:14:03'),(51,11,31,'2008-09-03 17:54:33'),(52,15,44,'2008-09-04 12:54:00'),(53,11,32,'2008-09-05 00:52:40'),(54,11,33,'2008-09-08 14:47:04'),(56,15,45,'2008-09-08 16:15:00'),(57,15,46,'2008-09-09 13:34:00'),(58,15,47,'2008-09-11 04:41:00'),(59,11,35,'2008-09-11 22:59:26'),(60,11,36,'2008-09-13 20:07:04'),(61,11,37,'2008-09-14 01:27:32'),(62,11,38,'2008-09-15 14:06:37'),(63,11,39,'2008-09-17 00:55:55'),(64,11,40,'2008-09-18 10:31:55'),(65,11,41,'2008-09-18 17:38:02'),(66,11,42,'2008-09-21 23:16:27'),(67,11,43,'2008-09-24 17:01:28'),(68,11,44,'2008-09-27 14:18:38'),(69,11,45,'2008-09-29 02:56:11'),(70,11,46,'2008-10-06 11:53:15'),(71,11,47,'2008-10-07 23:40:43'),(72,11,48,'2008-10-08 15:54:16'),(73,11,49,'2008-10-08 16:42:20'),(74,11,50,'2008-10-08 18:44:14'),(75,11,51,'2008-10-09 14:16:48'),(76,11,52,'2008-10-13 16:42:35'),(77,11,53,'2008-10-14 01:49:48'),(78,11,54,'2008-10-16 00:49:39'),(79,11,55,'2008-10-17 15:39:18'),(80,11,56,'2008-10-19 23:27:22'),(81,11,57,'2008-11-01 01:48:28'),(82,11,58,'2008-11-01 14:01:23'),(83,11,59,'2008-11-03 01:45:35'),(84,11,60,'2008-11-05 22:00:58'),(85,11,61,'2008-11-07 02:56:37'),(86,11,62,'2008-11-14 02:17:16'),(87,11,63,'2008-11-14 02:53:09'),(88,11,64,'2008-11-15 16:06:33'),(89,11,65,'2008-11-18 01:46:53'),(90,11,66,'2008-11-19 00:13:36'),(91,11,67,'2008-12-03 11:12:05'),(92,11,68,'2008-12-04 17:17:24'),(93,11,69,'2008-12-05 10:23:15'),(94,11,70,'2008-12-05 16:30:14'),(95,11,71,'2008-12-19 00:04:12'),(96,11,74,'2008-12-19 16:49:32'),(97,11,75,'2008-12-19 18:46:01'),(98,11,76,'2008-12-27 21:33:31'),(99,11,77,'2009-01-04 12:34:58'),(100,11,78,'2009-01-08 13:51:56'),(101,11,79,'2009-01-13 18:25:05'),(102,11,80,'2009-01-20 12:48:03'),(103,11,81,'2009-01-22 14:32:28'),(104,11,82,'2009-01-22 16:00:34'),(105,11,83,'2009-01-26 12:52:04'),(106,11,84,'2009-01-29 12:45:58'),(107,11,85,'2009-01-30 11:35:06'),(108,11,86,'2009-02-02 01:45:23'),(109,11,87,'2009-02-03 23:18:39'),(110,11,88,'2009-02-05 02:15:37'),(111,11,89,'2009-02-09 01:02:24'),(112,11,90,'2009-02-23 10:08:24'),(113,11,91,'2009-02-27 01:52:49'),(114,11,92,'2009-02-27 18:49:40'),(115,11,93,'2009-03-06 02:33:12'),(116,11,94,'2009-03-07 02:50:15'),(117,11,95,'2009-03-09 00:27:37'),(118,11,96,'2009-03-09 14:39:25'),(119,11,97,'2009-03-10 02:49:58'),(120,11,98,'2009-03-10 03:11:51'),(121,11,99,'2009-03-11 15:09:27'),(122,11,100,'2009-03-13 15:12:49'),(123,11,101,'2009-03-17 01:15:05');
UNLOCK TABLES;
/*!40000 ALTER TABLE `tumble_item` ENABLE KEYS */;

--
-- Table structure for table `zodycomments_comment`
--

DROP TABLE IF EXISTS `zodycomments_comment`;
CREATE TABLE `zodycomments_comment` (
  `id` int(11) NOT NULL auto_increment,
  `date` datetime NOT NULL,
  `name` varchar(30) NOT NULL,
  `email` varchar(75) NOT NULL,
  `web` varchar(200) NOT NULL,
  `comment` longtext NOT NULL,
  `entrada_id` int(11) NOT NULL,
  PRIMARY KEY  (`id`),
  KEY `zodycomments_comment_entrada_id` (`entrada_id`)
) ENGINE=MyISAM DEFAULT CHARSET=utf8;

--
-- Dumping data for table `zodycomments_comment`
--


/*!40000 ALTER TABLE `zodycomments_comment` DISABLE KEYS */;
LOCK TABLES `zodycomments_comment` WRITE;
INSERT INTO `zodycomments_comment` VALUES (1,'2008-07-12 16:33:24','Test 1','zodman@gmail.com','http://zod.com.mx','Mira nomas que chingon .......',1),(2,'2008-07-13 00:49:54','jordi','jordi@jordi.net','http://jordi.net','chingón por los comentarios!',2),(3,'2008-07-19 08:37:08','BRIO','blue_phantom20045@hotmail.com','http://brio.icenetx.net','Qué onda zod!\r\n\r\nCreo que eso del inglés no se te dá muy bien, jejejeje. En especial una correción cambia ese what por un that.\r\n\r\nSaludos! bomba! xD',4),(4,'2008-07-19 18:48:09','Ken VanDine','ken@vandine.org','http://blogs.gnome.org/kenvandine','PackageKit does this already, and gxti has a cool web app that could be convinced to do something similar as well. \r\n\r\nexample:\r\n\r\n[ken@foobar ]$ pkcon search name gimp\r\ninstalled    gimp-2.4.6-0.1-1\r\n\r\n',4),(5,'2008-07-21 22:26:18','Zinden','zinden@foresightlinux.se','http://www.foresightlinux.se/blogg/zinden.php','its a good idea.   ;)\r\n',4),(6,'2008-08-15 08:21:10','TForsman','forsman@foresightlinux.se','http://www.foresightlinux.se','Nice ;)',11),(7,'2008-08-18 12:10:44','etank','ericlake@gmail.com','http://etank.wordpress.com/','Can you get it to work with jaiku?? I get errors in the gwibber logs when I try to enable jaiku posting.',13),(8,'2008-08-21 01:41:06','etank','ericlake@gmail.com','http://etank.wordpress.com/','That is awesome. I am hearing that the same issues is happening in LXDE with pcmanfm.',17),(9,'2008-08-22 23:38:31','stjohn','stjohn@kid-safe.co.uk','','pretty cool...',2),(10,'2008-08-24 15:08:27','vendetta','vend3tta@yahoo.fr','http://www.belindofan.com.ar/','Wow!... la forma en que se muestran las fotos de tu blog te quedo muy chida =)\r\n\r\nSaludos!',18),(11,'2008-08-26 03:47:10','paranoio','paranoio@gmail.com','http://www.masgdl.com/','Hola\r\nme gustaria seguirte en twitter podrias postear tu usuario ?\r\n\r\n',13),(12,'2008-08-28 15:36:31','Billy','billy@billy.com.mx','http://comocarajos.com/','nice dude, y sólo por morbo ¿porqué tan bajo tu BW?\r\nSaludos',25),(13,'2008-08-28 17:25:11','kmilo','kmilo@softhome.net','http://kmilo0.blogspot.com/','RMS',14),(14,'2008-08-28 19:45:27','MaoP','me@marcoalfonso.net','http://marcoalfonso.net/','A que chingón!\r\n\r\nDesde hace mucho uso woof http://marcoalfonso.net/2005/07/10/las-pequenas-grandes-utilidades-woof/ , pero ese droopy esta muy chido gracias por el tip!',26),(15,'2008-09-01 05:32:59','asdfas','asdfas@adf.com','http://www.ga.com/','adfasdfadsf',1),(16,'2008-09-01 07:45:13','brixtonasias','stef@peekus.com','http://brixtonasias.blogspot.com/','Cool! Thanks for the code! I like what I see! ;-)',27),(17,'2008-09-01 21:48:18','Og Maciel','ogmaciel@gnome.org','http://www.ogmaciel.com/','hehehehe Great adaptation! :)',28),(18,'2008-09-02 03:32:50','Gamaliel','ngamaliel@hotmail.com','http://www.myspace.com/ngamaliel','En serio!!!!!!!!!!!!!!!!!!!!!!!!!!!!!!!!!!!!!!!!!!!!!!!!!!!!!!!!!!!!!!!!\r\n\r\nEso me parecio escuchar!!\r\n\r\nsi?!\r\n\r\nSeria mas chido si igual viniera thermo!!\r\n\r\nWow!',9),(19,'2008-09-03 10:00:55','Bucio','rafael@bucio.com.mx','http://bucio.com.mx/','i wanna go :<',30),(20,'2008-09-03 16:02:34','vendetta','vendetta@yahoo.fr','http://belindofan.com.ar/','Mm... pss.. obviamente al ENLi, es mas barato, los organizadores son muy amables, ponentes y asistentes igual, los amigos van, hay chihuahueñas :P, etc... aunque ir al Gulev debe ser una muy buena experiencia, despues de todo ver \"Cultura hacker\" o \"Que chido es el SL\" no es muy productivo que digamos en comparación a ver una conferencia de Guido, por ejemplo.',30),(21,'2008-09-03 19:35:33','Ryu Ulbrich','ryuulbrich@gmail.com','http://ryuulbrich.blogspot.com/','Yes, the ENLi year after year offer us a great variety of conferences and good speakears too, I´ll to ENLi',30),(22,'2008-09-04 06:26:50','Rommel Sanchez','rommel@lidsol.rog','http://rommel.cuevano.org/','Que bien!, no tengo la menor idea de que es pownce ( sabes que lo web no es lo mio ) , pero uso liferea :) asi que si una linea de code de un cuate esta ahi me sentire mucho mejor de usuarlo :) \r\n\r\nFelicidades y Saludos!',31),(23,'2008-09-05 17:28:03','garaged','garaged@gmail.com','http://thegaraged.org/','La verdad es que hacer cosas bien con django es trivial, si tiene sus detallitos, sobre todo restricciones en la flexibilidad de los modelos, pero por lo demás, es sencillo hacer una aplicación realmente con todo: separación de capas, I18N, cache, autenticación, seguridad\r\n\r\nTodo sin gran esfuerzo.',32),(24,'2008-09-12 04:58:48','Bucio','rafael@bucio.com.mx','http://bucio.com.mx/','I live in chiapas, so beatiful place :$',35),(25,'2008-09-14 02:37:31','k001','k001.operator@gmail.com','http://k001operator.info/','Osea Jelouuu ya soy developer xD.\r\n\r\nEn hora buena mi estimado, sigale hechando muchas ganas.\r\n\r\nFelicidades!!!\r\n\r\np.d. Ta chingon el blog con django ;-)',36),(26,'2008-09-14 06:32:47','vendetta','vend3tta@yahoo.fr','http://www.belindofan.com.ar/','Felicidades Zodman... =) uju! ya conosco gente re-famosa.\r\n\r\nYa nos veremos en el ENLi ;)',36),(27,'2008-09-17 02:04:08','Mark','mark.woidke@gmaiol.com','','Wow, foresight developer? sor-pren-den-te\r\nA ver si eso es pretexto de que estudies inglés y dejes de escribir las pendejadas que veo en planeta linux. \r\n\r\nQué vergüenza tu inglish pikinglish',36),(28,'2008-09-17 14:51:55','vendetta','vend3tta@yahoo.fr','http://belindofan.com.ar/','You no haceishon caseishon... you\'re exforcing and this is the importeishon!\r\n\r\nYou\'re english is not so bad... is hum, it\'s only a Yucatecan english :P\r\n\r\nSaludos!\r\n\r\nPor cierto... coff! coff! el vampirito sigue vivo?... coff! coff! necesito un favorsote!!! :P',39),(29,'2008-09-17 15:47:56','markuz','markuz@islascruz.org','http://www.islascruz.org/','Congratulations!',36),(30,'2008-09-17 18:43:11','Antonio','antillas21@gmail.com','','Yep! you\'re totally right, your English does suck.\r\n\r\nBut hey... don\'t refrain. Practice is what makes real masters.\r\n\r\nIf you need help in this matter, please don\'t hesitate to contact me. I could help you proof-reading your posts before you publish them in English.',39),(31,'2008-09-18 01:56:56','Paranoico','admin@ialex.org','http://ialex.org/','hi zod ho man your english really sucks you should go to harmon hall or some english school but keep working on it i\'ll contact you by e-mail habra una jornada academica en valladolid y me pidieron buscar algunos expositores si estas interesado te queda cerca la jornada es algo pequeña de no mas de 50 participantes  te envio la info a ver ke pedo :)\r\n',39),(32,'2008-09-18 01:57:18','Paranoico','admin@ialex.org','http://ialex.org/','hi zod ho man your english really sucks you should go to harmon hall or some english school but keep working on it i\'ll contact you by e-mail habra una jornada academica en valladolid y me pidieron buscar algunos expositores si estas interesado te queda cerca la jornada es algo pequeña de no mas de 50 participantes  te envio la info a ver ke pedo :)\r\n',39),(44,'2008-10-16 23:10:14','Billy','billy@billy.com.mx','http://billy.com.mx/','damn! y yo que pensé que mi ATOM era potente :(',54),(45,'2008-10-17 02:21:58','nbari','','http://te.tl/','te.tl API\r\n\r\nvia an HTTP GET request: http://te.tl/api.php?url=<long url>&title=<title>&private=1\r\nexample: http://te.tl/api.php?url=google.com',15),(46,'2008-10-17 02:22:06','nbari','nbari@te.tl','http://te.tl/','te.tl API\r\n\r\nvia an HTTP GET request: http://te.tl/api.php?url=<long url>&title=<title>&private=1\r\nexample: http://te.tl/api.php?url=google.com',15),(34,'2008-09-18 03:45:38','David Valdez','david.valdez210@gmail.com','http://gnuget.org/','Es pura envidia que tu ni sabes bien ingles y ya estas haciendo cosas importantes, la envida los corroe jajajaja.\r\n\r\n\r\nPor cierto,  esta forma de comentar se me hace super sucks  :p  es mas usable  poder ver los comentarios de los demás y la entrada misma, por que sino como que se pierde el hilo u.u saludos!',39),(35,'2008-09-18 06:16:03','Tomas Forsman','tforsman@foresightlinux.se','','Your english is getting better and better. i understands you pretty well.\r\n\r\njust continue write in english, thats a good way to practice.',39),(36,'2008-09-22 03:24:48','yobageM','ricardo.tun@gmail.com','http://blog.yobagem.com.mx/','I agree with Gnuget, you are involved on important projects so you have to practice :P\r\n\r\nCongratulations.',39),(38,'2008-09-27 23:23:21','Billy','billy@billy.com.mx','http://billy.com.mx/','¡qué profundo dude!',44),(39,'2008-09-29 18:49:34','TForsman','tforsman@foresightlinux.se','http://www.foresightlinux.se/blog/','Thats really great, i hope you take some picture too. I love to see pics of events.',45),(40,'2008-10-09 02:27:04','Billy','billy@billy.com.mx','http://billy.com.mx/','no pues ya valióm mi pila, y eso que mi lap es nueva *snif\r\nPor cierto dude la imagen de \"works on my machine\" es la ley jajaja',48),(48,'2008-10-18 02:46:49','leon','rleonmx@gmail.com','','im pass my grade test <---creo que te sobra una m',55),(47,'2008-10-18 02:46:40','leon','rleonmx@gmail.com','','im pass my grade test <---creo que te sobra una m',55),(43,'2008-10-09 13:07:35','asdf','asdf@hotmail.com','','osea que si:\r\n\r\nd = design capacity\r\nl = last full capacity\r\n\r\nl = d - 1\r\n\r\nindica que mi bateria va a morir pronto?',48),(49,'2008-10-20 04:04:24','aaaaa','','','blah blah blha',55),(50,'2008-10-20 04:04:35','aaaaa','','','blah blah blha',55),(51,'2008-10-20 04:05:07','aaaa','','','aaaaaaaaaaaa',55),(52,'2008-10-20 04:23:33','test','','','test',55),(53,'2008-10-21 06:11:57','zodman','','','coo!',56),(54,'2008-11-09 09:24:48','zodman','','','Juaz',59),(55,'2008-11-14 10:11:17','TForsman','','','latest one is: version 1.4.1\r\n\r\nNot packed yet by kenvandine :(',63),(56,'2008-11-15 23:15:42','TForsman','','','Congratulation on the job part.\r\n\r\ni just hope you find time to continue helping Foresight too   :)',64),(57,'2008-11-18 11:24:57','TForsman','','','The command dont work, need to use:\r\n\r\nsudo conary update {PackageKit,gnome-packagekit}=@fl:2-devel\r\n\r\nYou cant have spaces between {****}\r\n\r\n\r\nGood work',65),(58,'2008-11-21 19:14:53','Billy','billy@billy.com.mx','http://billy.com.mx/','¡Bola de putos!',62),(59,'2008-11-24 07:48:56','yobageM','me@yobagem.com.mx','http://yobagem.com.mx/','hahaha no había pasado por aquí xD',62),(60,'2008-12-03 20:38:58','Billy','billy@billy.com.mx','http://billy.com.mx/','chúpasela a tus maridos de #mendozaaa\r\njajajaja',67),(61,'2008-12-04 01:53:48','Tachi','chuchotachi@gmail.com','http://tachiblog.com.mx/','jajaja, esta chido el sticker de Tzoz, me haré uno :P',67),(62,'2008-12-07 16:40:06','Gunnar','gwolf@gwolf.org','http://www.gwolf.org/','Grammar nazis to the rescue! ;-)\r\nYou might be saying just the opposite to what you intended. \"my near friend\" would read as \"somebody who can nearly be considered my friend\", \"mi casi amigo\". I am sure you meant \"my close friend\", \"mi amigo cercano\".\r\nOr I might just be mistaken. But playing grammar nazi is fun. And, as far as nazi parallelisms go, I am right. By definition, so shut up.',69),(63,'2008-12-20 15:45:51','markuz','markuz@islascruz.org','http://www.islascruz.org/','I have one of those.. already made it work on Windows using pywin32.',75),(64,'2008-12-25 02:51:16','andy','andy@andy.com','http://zod.com.mx/','test',75),(65,'2009-01-20 16:16:50','zer0','ec@debian-mx.com','http://zer0-mx.org/','Interesante',76),(66,'2009-01-26 19:45:04','etank','ericlake@gmail.com','http://etank.wordpress.com/','I have used this module in a few scripts lately myself. It is pretty handy. The thing I find is that I user more code deciding how the XLS will look than I do getting the data the way I want it. :)',83),(67,'2009-01-29 20:32:41','markuz','markuz@islascruz.org','http://www.islascruz.org/','Programming language not programe, and I would use which instead what.',84),(68,'2009-02-02 10:50:14','yobageM','me@yobagem.com.mx','','pretty cool, but why foresight doesn\'t have gimp 2.6? u_u',86),(69,'2009-02-02 17:33:46','pscott','','','Gimp 2.6 is currently in the QA branch and will be promoted when Python 2.6 is since it needs the newer version.',86),(70,'2009-02-02 19:31:38','yobageM','me@yobagem.com.mx','','Oh I see, I have to read more about foresight xD',86),(71,'2009-02-23 19:21:58','Mark','marcus.mtz@gmail.com','','\"Im only hacks some libs\" jajajaja hablas como LOLcat retrasado. tssss qué valor qué valor!!! pobre planeta linux :( ',90),(72,'2009-02-24 05:36:18','Chiapaneko','','http://www.mexinetica.com/~gsotelo','Hola!, qué bueno que se te reconozcan las contribuciones que has hecho.\r\n\r\nA modo de sugerencia, n_n\' podrías corregir un poco el texto que enviaste para ser agregado en la página.\r\n\r\nPodría ser algo como:\r\n\r\nAndres is a mexican computer scientist who enjoys working with Free and Open Source software. He rewrote the conary backend and implemented a new Cache. He wrote conary-lib [Si así se llama tu proyecto, o sino \"a conary library\" para expresar que es una librería de Conary]  which provides an easy manner to use the conary\'s public API. He is a developer of the Foresight Linux project. His blog: vampirito.com.mx\r\n\r\nAlgunas pequeñas correcciones ;-), si hay alguna otra que se me haya ido, favor de hacerlas notar.\r\n\r\nFelicidades una vez más ;-)! y bueno, trata de leerle un poquitín más de gramática para corregir algunos detallitos que se te van por ahí!.\r\n\r\nSaludos!!',90),(73,'2009-02-24 18:31:02','markuz','markuz@islascruz.org','http://www.islascruz.org/','Congratulations!',90),(74,'2009-03-06 08:47:50','yobageM','me@ricardotun.net','','pretty cool',93),(75,'2009-03-06 09:35:22','Alexandre Franke','alexandre.franke@gmail.com','http://www.alexandrefranke.com/','Are you sure it\'s on the qa label? I have a regular Foresight Linux install which has been updated with updateall and that\'s all, and notify-osd replaced my notification-daemon.',93),(76,'2009-03-06 17:23:54','markuz','markuz@islascruz.org','http://www.islascruz.org/','Hey that\'s great!',93),(77,'2009-03-07 15:12:20','David Nielsen','gnomeuser@gmail.com','http://davidnielsen.wordpress.com/','That is very sexy my good man, thank you.',93),(78,'2009-03-11 01:20:58','asdas','asdas@asda.com','http://aadasoo.com/','asdaoudoasudioasuodas',98),(79,'2009-03-11 01:54:45','asdas','asda@asda.com','','zodasdadas se puede testiar',98),(80,'2009-03-11 06:44:37','yobageM','me@ricardotun.net','','estoy pensando seriamente en cambiar de distrib -.-',97),(81,'2009-03-15 08:13:22','yobageM','me@ricardotun.net','','that\'s awesome :O',100),(82,'2009-03-17 17:04:49','Byte Corrupto','byte.cpt@gmail.com','http://bytecorrupto.blogspot.com/','PWNED!\r\n\r\nForesight have interesting features, but is not more than a rolling release distro with a lot of potencial but a little community. There are a lot of distros out there ¿why another one?.',101),(83,'2009-03-17 17:26:27','David Moreno','david@axiombox.com','http://damog.net/','En buena onda cuate, hazte un favor y deja de escribir en inglés.',101),(84,'2009-03-17 17:43:52','Byte Corrupto','byte.cpt@gmail.com','http://bytecorrupto.blogspot.com/','Si el autor escribe en ingles, hay que responder en ingles, ¿ok?.',101),(85,'2009-03-18 16:00:17','kad','kad@blegh.net','http://kad.blegh.net/','Seriously dude, you need some help with your english, a crash course on verbs and all that stuff... chatting with other people in english (and asking them to point out your mistakes) would help a lot. I actually helped a friend with this technique and his english skills (r/w) are much more refined now, so this is a technique I can vouch for :)\r\nThis is not a criticism for the sake of it, I started reading your response and frankly just scrolled down to the next... it was a matter of \"c\'mon, is zodman, you gotta read it\" to actually pay attention, I\'m pretty sure I was not the only one, so if you want your opinions to catch the eye of more people, work on your english, m\'kay?',101);
UNLOCK TABLES;
/*!40000 ALTER TABLE `zodycomments_comment` ENABLE KEYS */;

--
-- Table structure for table `zodynetwork_pownceevent`
--

DROP TABLE IF EXISTS `zodynetwork_pownceevent`;
CREATE TABLE `zodynetwork_pownceevent` (
  `id` int(11) NOT NULL auto_increment,
  `name` varchar(200) NOT NULL,
  `ical` varchar(200) NOT NULL,
  `location` varchar(200) NOT NULL,
  `date` datetime NOT NULL,
  `pownce_note_id` int(11) NOT NULL,
  PRIMARY KEY  (`id`),
  UNIQUE KEY `pownce_note_id` (`pownce_note_id`)
) ENGINE=MyISAM DEFAULT CHARSET=utf8;

--
-- Dumping data for table `zodynetwork_pownceevent`
--


/*!40000 ALTER TABLE `zodynetwork_pownceevent` DISABLE KEYS */;
LOCK TABLES `zodynetwork_pownceevent` WRITE;
INSERT INTO `zodynetwork_pownceevent` VALUES (1,'test1','http://pownce.com/ical/event/22352','test2','2008-08-26 20:00:00',4),(2,'aaaaaa','http://pownce.com/ical/event/22293','aaaaaaa','2008-08-22 20:00:00',15),(3,'ceneval exam','http://pownce.com/ical/event/22452','Merida yucatan','2008-09-19 20:00:00',41),(4,'Google Search Masters','http://pownce.com/ical/event/22507','MEXICO DF, Centro banamex','2008-09-22 20:00:00',44),(5,'TechCrunch50','http://pownce.com/ical/event/22559','Sn Francisco USA','2008-09-08 20:00:00',45),(6,'PyWorks','http://pownce.com/ical/event/22567','Atlanta USA','2008-11-12 20:00:00',46),(7,'SIMPOSITI','http://pownce.com/ical/event/22599','Siglo XX Merida Yucatan','2008-10-02 20:00:00',47);
UNLOCK TABLES;
/*!40000 ALTER TABLE `zodynetwork_pownceevent` ENABLE KEYS */;

--
-- Table structure for table `zodynetwork_powncefile`
--

DROP TABLE IF EXISTS `zodynetwork_powncefile`;
CREATE TABLE `zodynetwork_powncefile` (
  `id` int(11) NOT NULL auto_increment,
  `name` varchar(200) NOT NULL,
  `type` varchar(100) NOT NULL,
  `pownce_note_id` int(11) NOT NULL,
  PRIMARY KEY  (`id`),
  UNIQUE KEY `pownce_note_id` (`pownce_note_id`)
) ENGINE=MyISAM DEFAULT CHARSET=utf8;

--
-- Dumping data for table `zodynetwork_powncefile`
--


/*!40000 ALTER TABLE `zodynetwork_powncefile` DISABLE KEYS */;
LOCK TABLES `zodynetwork_powncefile` WRITE;
INSERT INTO `zodynetwork_powncefile` VALUES (1,'starbucks-coffee-recipes.pdf','application/pdf',6),(2,'Pantallazo.png','image/png',18);
UNLOCK TABLES;
/*!40000 ALTER TABLE `zodynetwork_powncefile` ENABLE KEYS */;

--
-- Table structure for table `zodynetwork_powncelink`
--

DROP TABLE IF EXISTS `zodynetwork_powncelink`;
CREATE TABLE `zodynetwork_powncelink` (
  `id` int(11) NOT NULL auto_increment,
  `url` varchar(200) NOT NULL,
  `pownce_note_id` int(11) NOT NULL,
  PRIMARY KEY  (`id`),
  UNIQUE KEY `pownce_note_id` (`pownce_note_id`)
) ENGINE=MyISAM DEFAULT CHARSET=utf8;

--
-- Dumping data for table `zodynetwork_powncelink`
--


/*!40000 ALTER TABLE `zodynetwork_powncelink` DISABLE KEYS */;
LOCK TABLES `zodynetwork_powncelink` WRITE;
INSERT INTO `zodynetwork_powncelink` VALUES (1,'http://zodyblog.googlecode.com',1),(2,'http://zod.com.mx',12),(3,'http://zod.com.mx',21),(4,'http://binsd.wordpress.com',22),(5,'http://effbot.org/zone/import-confusion.htm',27),(6,'http://www.instantrimshot.com/',35),(7,'http://www.sitepoint.com/blogs/2008/08/29/rasmus-lerdorf-php-frameworks-think-again/',39),(8,'http://www.djangosnippets.org/snippets/1013/',40),(9,'http://rafael.bonifaz.ec/blog/2008/09/01/los-hermanos-del-software-libre/',42);
UNLOCK TABLES;
/*!40000 ALTER TABLE `zodynetwork_powncelink` ENABLE KEYS */;

--
-- Table structure for table `zodynetwork_powncenote`
--

DROP TABLE IF EXISTS `zodynetwork_powncenote`;
CREATE TABLE `zodynetwork_powncenote` (
  `id` int(11) NOT NULL auto_increment,
  `pownce_id` int(10) unsigned NOT NULL,
  `body` longtext NOT NULL,
  `permalink` varchar(200) NOT NULL,
  `date` datetime NOT NULL,
  PRIMARY KEY  (`id`)
) ENGINE=MyISAM DEFAULT CHARSET=utf8;

--
-- Dumping data for table `zodynetwork_powncenote`
--


/*!40000 ALTER TABLE `zodynetwork_powncenote` DISABLE KEYS */;
LOCK TABLES `zodynetwork_powncenote` WRITE;
INSERT INTO `zodynetwork_powncenote` VALUES (1,3239957,'Full integration in django and pownce  check my site an rep\r\n\r\nhttp://zod.com.mx\r\n','http://pownce.com/zodman/notes/3239957/','2008-08-26 03:06:00'),(2,3239951,'test3','http://pownce.com/zodman/notes/3239951/','2008-08-26 03:04:00'),(3,3239690,'test5','http://pownce.com/zodman/notes/3239690/','2008-08-26 02:02:00'),(4,3239578,'test3','http://pownce.com/zodman/notes/3239578/','2008-08-26 01:37:00'),(5,3239527,'orem ipsum dolor sit amet, consectetuer adipiscing elit. Phasellus iaculis scelerisque turpis. Nam metus magna, egestas nec, consequat eu, sodales a, est. Curabitur vehicula est. Curabitur magna mi, fermentum a, mollis vel, pretium ac, lacus. Vestibulum elementum. Phasellus mattis pretium felis. Praesent pharetra bibendum erat. Aliquam erat volutpat. Aliquam vel lectus. Maecenas dui massa, lobortis ac, faucibus imperdiet, pulvinar bibendum, sem. Praesent eu lorem et dolor laoreet aliquam. Vivamus euismod feugiat lorem. ','http://pownce.com/zodman/notes/3239527/','2008-08-26 01:27:00'),(6,3239500,'','http://pownce.com/zodman/notes/3239500/','2008-08-26 01:22:00'),(7,3238918,'test4','http://pownce.com/zodman/notes/3238918/','2008-08-25 23:45:00'),(8,3237098,'test3','http://pownce.com/zodman/notes/3237098/','2008-08-25 20:00:00'),(9,3237052,'test2','http://pownce.com/zodman/notes/3237052/','2008-08-25 19:55:00'),(10,3236554,'aaaaaaaaaaaaaa2','http://pownce.com/zodman/notes/3236554/','2008-08-25 19:03:00'),(11,3236551,'test1','http://pownce.com/zodman/notes/3236551/','2008-08-25 19:03:00'),(12,3227073,'blog css layout update ... the next update pownce integrade.','http://pownce.com/zodman/notes/3227073/','2008-08-24 23:18:00'),(13,3219570,'now is very late 3am and now i dont have sleep','http://pownce.com/zodman/notes/3219570/','2008-08-24 03:24:00'),(14,3209926,'llegando de casa mi novia, a programar un rato','http://pownce.com/zodman/notes/3209926/','2008-08-22 23:45:00'),(15,3205711,'aaaaaaaaa','http://pownce.com/zodman/notes/3205711/','2008-08-22 15:03:00'),(16,3198794,'cooking new project','http://pownce.com/zodman/notes/3198794/','2008-08-22 01:25:00'),(17,3193711,'consiguo sorpresas para enli ujuuuuuuuuuuuuuuu','http://pownce.com/zodman/notes/3193711/','2008-08-21 15:42:00'),(18,3192968,'gossip 0.31','http://pownce.com/zodman/notes/3192968/','2008-08-21 14:26:00'),(19,3186874,'Compilando la version de gossip','http://pownce.com/zodman/notes/3186874/','2008-08-21 02:20:00'),(20,3183328,'i have 2 two conferences on octumber thats great!','http://pownce.com/zodman/notes/3183328/','2008-08-20 18:47:00'),(21,3240050,'2th pownce on my blog','http://pownce.com/zodman/notes/3240050/','2008-08-26 03:31:00'),(22,3247566,'Interest blog with python tips and codes [esp]','http://pownce.com/zodman/notes/3247566/','2008-08-26 17:07:00'),(23,3251809,'answering foresight forum','http://pownce.com/zodman/notes/3251809/','2008-08-27 01:27:00'),(24,3259779,'ooooooooooooh ya se como conseguir los .flv de tu.tv :) Great ... send email to youtube-dl author','http://pownce.com/zodman/notes/3259779/','2008-08-27 15:49:00'),(25,3260724,'descargando gunslinger girls','http://pownce.com/zodman/notes/3260724/','2008-08-27 17:15:00'),(26,3264032,'i will survive revista-sl survive ..........','http://pownce.com/zodman/notes/3264032/','2008-08-27 23:28:00'),(27,3264149,'Interest note about how import in python','http://pownce.com/zodman/notes/3264149/','2008-08-27 23:46:00'),(28,3272096,'a jugar urbanTerror miestras rmake termina','http://pownce.com/zodman/notes/3272096/','2008-08-28 15:40:00'),(29,3272877,'rmake termino y chingo a su madre mas dependencias perdidas\r\n','http://pownce.com/zodman/notes/3272877/','2008-08-28 16:54:00'),(30,3273453,'apoco habia un evento web 2.0 en mexico ? http://mexicoweb2.com/','http://pownce.com/zodman/notes/3273453/','2008-08-28 17:54:00'),(31,3273730,'#log: http://twimbler.com OMG! I\'m trying twimble! ftw.','http://pownce.com/zodman/notes/3273730/','2008-08-28 18:23:00'),(32,3273708,'#log: {http://zod.com.mx} {test}','http://pownce.com/zodman/notes/3273708/','2008-08-28 18:21:00'),(33,3277660,'descargando winchiquito.iso para emular windows xp, alguien sabe de un windows <200mb ?','http://pownce.com/zodman/notes/3277660/','2008-08-29 02:18:00'),(34,3283329,'the iphonegirl is ugly!','http://pownce.com/zodman/notes/3283329/','2008-08-29 13:20:00'),(35,3283768,'redouble for jokes','http://pownce.com/zodman/notes/3283768/','2008-08-29 13:54:00'),(36,3286924,'estudiando para examen EGEL-ceneval','http://pownce.com/zodman/notes/3286924/','2008-08-29 19:20:00'),(37,3287046,'llegando a la conclusion que no via es mas geek que las edegeek por que sabe poner subtitulos a sus movies q baja del torrent','http://pownce.com/zodman/notes/3287046/','2008-08-29 19:42:00'),(38,3286985,'mmm soy geek por que uso facebook y el MSN ?? http://mexicoweb2.com/edegeeks/','http://pownce.com/zodman/notes/3286985/','2008-08-29 19:33:00'),(39,3307003,'On the words of Rasmus lerdof:\r\n\"i  liked CodeIgniter because it is faster, lighter and the least like a framework\"\r\n\r\nat Least jajajajaajajjaajajajaajajaa django rocks!','http://pownce.com/zodman/notes/3307003/','2008-09-01 01:17:00'),(40,3307523,'twitter_status','http://pownce.com/zodman/notes/3307523/','2008-09-01 03:06:00'),(41,3312240,'my ceneval exam remider','http://pownce.com/zodman/notes/3312240/','2008-09-01 14:31:00'),(42,3314953,'Rafael Bonifaz » Blog Archive » Los Hermanos del Software Libre\r\n\r\n[four brothers of freesoftware] [Spanish]','http://pownce.com/zodman/notes/3314953/','2008-09-01 19:40:00'),(43,3325975,'testing adobe air on foresight linux .......','http://pownce.com/zodman/notes/3325975/','2008-09-02 15:53:00'),(44,3351679,'http://www.googlesearchmasters08.com.mx/','http://pownce.com/zodman/notes/3351679/','2008-09-04 12:54:00'),(45,3396786,'http://www.techcrunch50.com\r\n\r\nYou can fallow it on:\r\nhttp://www.techcrunch50.com/2008/conference/index.php','http://pownce.com/zodman/notes/3396786/','2008-09-08 16:15:00'),(46,3408099,'Python conferences\r\n\r\nhttp://pyworks.mtacon.com/','http://pownce.com/zodman/notes/3408099/','2008-09-09 13:34:00'),(47,3428813,'POSTER: http://www.prendete.net/prendete_yucatan/eventos/simpositi.jpg\r\n\r\nSitio:\r\nhttp://www.simpositi.com/','http://pownce.com/zodman/notes/3428813/','2008-09-11 04:41:00');
UNLOCK TABLES;
/*!40000 ALTER TABLE `zodynetwork_powncenote` ENABLE KEYS */;
/*!40103 SET TIME_ZONE=@OLD_TIME_ZONE */;

/*!40101 SET SQL_MODE=@OLD_SQL_MODE */;
/*!40014 SET FOREIGN_KEY_CHECKS=@OLD_FOREIGN_KEY_CHECKS */;
/*!40014 SET UNIQUE_CHECKS=@OLD_UNIQUE_CHECKS */;
/*!40101 SET CHARACTER_SET_CLIENT=@OLD_CHARACTER_SET_CLIENT */;
/*!40101 SET CHARACTER_SET_RESULTS=@OLD_CHARACTER_SET_RESULTS */;
/*!40101 SET COLLATION_CONNECTION=@OLD_COLLATION_CONNECTION */;
/*!40111 SET SQL_NOTES=@OLD_SQL_NOTES */;

